Instrument,Date,Earnings Per Share - Actual Surprise,"WACC Inflation Adjusted Risk Free Rate, (%)"
POOL.OQ,2022-10-01,4.196,3.747421
POOL.OQ,2022-07-01,1.503,3.092855
POOL.OQ,2022-04-01,34.342,2.325202
POOL.OQ,2022-01-01,40.267,1.515266
POOL.OQ,2021-10-01,17.194,1.527139
CHRW.OQ,2022-10-01,-18.054,3.747421
CHRW.OQ,2022-07-01,34.612,3.092855
CHRW.OQ,2022-04-01,32.737,2.325202
CHRW.OQ,2022-01-01,-6.173,1.515266
CHRW.OQ,2021-10-01,30.199,1.527139
AJG.N,2022-10-01,3.333,3.747421
AJG.N,2022-07-01,1.21,3.092855
AJG.N,2022-04-01,2.717,2.325202
AJG.N,2022-01-01,4.097,1.515266
AJG.N,2021-10-01,9.569,1.527139
CNP.N,2022-10-01,6.973,3.747421
CNP.N,2022-07-01,15.126,3.092855
CNP.N,2022-04-01,-1.969,2.325202
CNP.N,2022-01-01,27.177,1.515266
CNP.N,2021-10-01,18.14,1.527139
AMCR.N,2022-10-01,1.932,3.53384839524641
AMCR.N,2022-07-01,2.092,2.94105014823835
AMCR.N,2022-04-01,3.103,2.0884838984078
AMCR.N,2022-01-01,0.556,1.38519634175986
AMCR.N,2021-10-01,0.665,1.37666313148704
WM.N,2022-10-01,3.222,3.747421
WM.N,2022-07-01,2.793,3.092855
WM.N,2022-04-01,13.232,2.325202
WM.N,2022-01-01,0.09,1.515266
WM.N,2021-10-01,-7.643,1.527139
BA.N,2022-10-01,-8858.503,3.747421
BA.N,2022-07-01,-164.041,3.092855
BA.N,2022-04-01,-920.408,2.325202
BA.N,2022-01-01,-1728.036,1.515266
BA.N,2021-10-01,-202.832,1.527139
FOX.OQ,2022-10-01,5.878,3.747421
FOX.OQ,2022-07-01,-1.915,3.092855
FOX.OQ,2022-04-01,-7.735,2.325202
FOX.OQ,2022-01-01,295.738,1.515266
FOX.OQ,2021-10-01,7.441,1.527139
LIN.N,2022-10-01,5.713,3.53384839524641
LIN.N,2022-07-01,4.635,2.94105014823835
LIN.N,2022-04-01,5.55,2.0884838984078
LIN.N,2022-01-01,3.658,1.38519634175986
LIN.N,2021-10-01,2.67,1.37666313148704
WY.N,2022-10-01,12.48,3.747421
WY.N,2022-07-01,7.932,3.092855
WY.N,2022-04-01,10.115,2.325202
WY.N,2022-01-01,1.825,1.515266
WY.N,2021-10-01,4.855,1.527139
MCD.N,2022-10-01,4.004,3.747421
MCD.N,2022-07-01,3.275,3.092855
MCD.N,2022-04-01,5.143,2.325202
MCD.N,2022-01-01,-4.538,1.515266
MCD.N,2021-10-01,12.16,1.527139
HD.N,2022-10-01,2.957,3.747421
HD.N,2022-07-01,2.143,3.092855
HD.N,2022-04-01,11.252,2.325202
HD.N,2022-01-01,0.99,1.515266
HD.N,2021-10-01,15.248,1.527139
SPG.N,2022-10-01,14.783,3.747421
SPG.N,2022-07-01,5.594,3.092855
SPG.N,2022-04-01,0.516,2.325202
SPG.N,2022-01-01,6.25,1.515266
SPG.N,2021-10-01,62.759,1.527139
HBAN.OQ,2022-10-01,1.695,3.747421
HBAN.OQ,2022-07-01,2.657,3.092855
HBAN.OQ,2022-04-01,-4.715,2.325202
HBAN.OQ,2022-01-01,-19.783,1.515266
HBAN.OQ,2021-10-01,-30.741,1.527139
QRVO.OQ,2022-10-01,4.927,3.747421
QRVO.OQ,2022-07-01,6.112,3.092855
QRVO.OQ,2022-04-01,6.667,2.325202
QRVO.OQ,2022-01-01,8.019,1.515266
QRVO.OQ,2021-10-01,5.078,1.527139
LVS.N,2022-10-01,-11.94,3.747421
LVS.N,2022-07-01,-18.277,3.092855
LVS.N,2022-04-01,-70.66,2.325202
LVS.N,2022-01-01,10.072,1.515266
LVS.N,2021-10-01,-128.637,1.527139
CTRA.N,2022-10-01,3.492,3.747421
CTRA.N,2022-07-01,9.992,3.092855
CTRA.N,2022-04-01,21.729,2.325202
CTRA.N,2022-01-01,-18.812,1.515266
CTRA.N,2021-10-01,-33.899,1.527139
ON.OQ,2022-10-01,10.443,3.747421
ON.OQ,2022-07-01,6.705,3.092855
ON.OQ,2022-04-01,16.388,2.325202
ON.OQ,2022-01-01,16.218,1.515266
ON.OQ,2021-10-01,17.733,1.527139
AIG.N,2022-10-01,24.011,3.747421
AIG.N,2022-07-01,8.527,3.092855
AIG.N,2022-04-01,10.039,2.325202
AIG.N,2022-01-01,32.862,1.515266
AIG.N,2021-10-01,9.915,1.527139
AIZ.N,2022-10-01,-14.407,3.747421
AIZ.N,2022-07-01,-6.609,3.092855
AIZ.N,2022-04-01,30.662,2.325202
AIZ.N,2022-01-01,7.275,1.515266
AIZ.N,2021-10-01,-25.79,1.527139
CARR.N,2022-10-01,7.26,3.747421
CARR.N,2022-07-01,12.057,3.092855
CARR.N,2022-04-01,15.419,2.325202
CARR.N,2022-01-01,14.2,1.515266
CARR.N,2021-10-01,8.281,1.527139
EVRG.OQ,2022-10-01,6.694,3.747421
EVRG.OQ,2022-07-01,3.131,3.092855
EVRG.OQ,2022-04-01,4.883,2.325202
EVRG.OQ,2022-01-01,-3.03,1.515266
EVRG.OQ,2021-10-01,12.5,1.527139
COST.OQ,2022-07-01,0.838,3.747421
COST.OQ,2022-04-01,4.492,3.092855
COST.OQ,2022-01-01,6.465,2.325202
COST.OQ,2021-10-01,12.894,1.515266
COST.OQ,2021-07-01,9.158,1.527139
MCO.N,2022-10-01,-10.022,3.747421
MCO.N,2022-07-01,-3.568,3.092855
MCO.N,2022-04-01,-0.431,2.325202
MCO.N,2022-01-01,-2.455,1.515266
MCO.N,2021-10-01,6.036,1.527139
DIS.N,2022-10-01,-45.32,3.747421
DIS.N,2022-07-01,13.147,3.092855
DIS.N,2022-04-01,-8.976,2.325202
DIS.N,2022-01-01,68.522,1.515266
DIS.N,2021-10-01,-27.284,1.527139
PAYX.OQ,2022-07-01,6.22,3.747421
PAYX.OQ,2022-04-01,1.916,3.092855
PAYX.OQ,2022-01-01,9.739,2.325202
PAYX.OQ,2021-10-01,14.06,1.515266
PAYX.OQ,2021-07-01,11.135,1.527139
AMD.OQ,2022-10-01,-2.146,3.747421
AMD.OQ,2022-07-01,1.616,3.092855
AMD.OQ,2022-04-01,24.176,2.325202
AMD.OQ,2022-01-01,21.361,1.515266
AMD.OQ,2021-10-01,9.02,1.527139
REG.OQ,2022-10-01,11.274,3.747421
REG.OQ,2022-07-01,36.061,3.092855
REG.OQ,2022-04-01,162.029,2.325202
REG.OQ,2022-01-01,-15.422,1.515266
REG.OQ,2021-10-01,33.656,1.527139
DHI.N,2022-10-01,-8.285,3.747421
DHI.N,2022-07-01,4.056,3.092855
DHI.N,2022-04-01,19.595,2.325202
DHI.N,2022-01-01,13.622,1.515266
DHI.N,2021-10-01,8.958,1.527139
TRV.N,2022-10-01,40.746,3.747421
TRV.N,2022-07-01,30.469,3.092855
TRV.N,2022-04-01,17.058,2.325202
TRV.N,2022-01-01,34.671,1.515266
TRV.N,2021-10-01,55.807,1.527139
BIO.N,2022-10-01,-6.542,3.747421
BIO.N,2022-07-01,20.772,3.092855
BIO.N,2022-04-01,45.195,2.325202
BIO.N,2022-01-01,12.602,1.515266
BIO.N,2021-10-01,52.221,1.527139
MOS.N,2022-10-01,-5.237,3.747421
MOS.N,2022-07-01,-9.937,3.092855
MOS.N,2022-04-01,0.481,2.325202
MOS.N,2022-01-01,-1.422,1.515266
MOS.N,2021-10-01,-13.539,1.527139
BWA.N,2022-10-01,19.393,3.747421
BWA.N,2022-07-01,23.01,3.092855
BWA.N,2022-04-01,20.859,2.325202
BWA.N,2022-01-01,41.964,1.515266
BWA.N,2021-10-01,11.215,1.527139
WDC.OQ,2022-10-01,-44.995,3.747421
WDC.OQ,2022-07-01,3.101,3.092855
WDC.OQ,2022-04-01,11.749,2.325202
WDC.OQ,2022-01-01,8.193,1.515266
WDC.OQ,2021-10-01,1.724,1.527139
VTR.N,2022-10-01,-87.725,3.747421
VTR.N,2022-07-01,-1200.0,3.092855
VTR.N,2022-04-01,975.0,2.325202
VTR.N,2022-01-01,-233.333,1.515266
VTR.N,2021-10-01,255.556,1.527139
IVZ.N,2022-10-01,-17.476,3.747421
IVZ.N,2022-07-01,-24.353,3.092855
IVZ.N,2022-04-01,-10.065,2.325202
IVZ.N,2022-01-01,13.244,1.515266
IVZ.N,2021-10-01,5.401,1.527139
ZBRA.OQ,2022-10-01,-9.185,3.747421
ZBRA.OQ,2022-07-01,9.553,3.092855
ZBRA.OQ,2022-04-01,3.725,2.325202
ZBRA.OQ,2022-01-01,3.246,1.515266
ZBRA.OQ,2021-10-01,12.086,1.527139
AMAT.OQ,2022-10-01,17.508,3.747421
AMAT.OQ,2022-07-01,8.155,3.092855
AMAT.OQ,2022-04-01,-2.665,2.325202
AMAT.OQ,2022-01-01,1.893,1.515266
AMAT.OQ,2021-10-01,-0.689,1.527139
STX.OQ,2022-10-01,-33.421,3.29282453331443
STX.OQ,2022-07-01,-16.268,2.91936963920711
STX.OQ,2022-04-01,-1.58,2.14571187856126
STX.OQ,2022-01-01,1.878,1.29346942920754
STX.OQ,2021-10-01,5.784,1.32963714211419
FDS.N,2022-07-01,-2.298,3.747421
FDS.N,2022-04-01,16.367,3.092855
FDS.N,2022-01-01,9.911,2.325202
FDS.N,2021-10-01,8.514,1.515266
FDS.N,2021-07-01,-3.451,1.527139
SYK.N,2022-10-01,-4.933,3.747421
SYK.N,2022-07-01,-1.182,3.092855
SYK.N,2022-04-01,1.258,2.325202
SYK.N,2022-01-01,-0.491,1.515266
SYK.N,2021-10-01,-3.592,1.527139
VRSN.OQ,2022-10-01,2.597,3.747421
VRSN.OQ,2022-07-01,1.316,3.092855
VRSN.OQ,2022-04-01,-1.379,2.325202
VRSN.OQ,2022-01-01,4.965,1.515266
VRSN.OQ,2021-10-01,2.564,1.527139
TECH.OQ,2022-10-01,-25.201,3.747421
TECH.OQ,2022-07-01,-1.314,3.092855
TECH.OQ,2022-04-01,7.145,2.325202
TECH.OQ,2022-01-01,4.87,1.515266
TECH.OQ,2021-10-01,6.303,1.527139
NVR.N,2022-10-01,-2.632,3.747421
NVR.N,2022-07-01,-2.458,3.092855
NVR.N,2022-04-01,20.193,2.325202
NVR.N,2022-01-01,-10.698,1.515266
NVR.N,2021-10-01,-2.628,1.527139
BBWI.N,2022-10-01,102.255,3.747421
BBWI.N,2022-07-01,17.02,3.092855
BBWI.N,2022-04-01,21.523,2.325202
BBWI.N,2022-01-01,1.312,1.515266
BBWI.N,2021-10-01,52.081,1.527139
LOW.N,2022-07-01,1.861,3.747421
LOW.N,2022-04-01,8.864,3.092855
LOW.N,2022-01-01,4.206,2.325202
LOW.N,2021-10-01,15.854,1.515266
LOW.N,2021-07-01,5.932,1.527139
BSX.N,2022-10-01,-2.523,3.747421
BSX.N,2022-07-01,3.678,3.092855
BSX.N,2022-04-01,1.146,2.325202
BSX.N,2022-01-01,2.496,1.515266
BSX.N,2021-10-01,3.514,1.527139
SYY.N,2022-10-01,-2.5,3.747421
SYY.N,2022-07-01,3.384,3.092855
SYY.N,2022-04-01,28.672,2.325202
SYY.N,2022-01-01,-20.073,1.515266
SYY.N,2021-10-01,-3.955,1.527139
FCX.N,2022-10-01,6.431,3.747421
FCX.N,2022-07-01,-5.465,3.092855
FCX.N,2022-04-01,14.035,2.325202
FCX.N,2022-01-01,0.405,1.515266
FCX.N,2021-10-01,9.804,1.527139
MAS.N,2022-10-01,-7.285,3.747421
MAS.N,2022-07-01,-4.246,3.092855
MAS.N,2022-04-01,12.182,2.325202
MAS.N,2022-01-01,-2.22,1.515266
MAS.N,2021-10-01,12.448,1.527139
BEN.N,2022-10-01,15.658,3.747421
BEN.N,2022-07-01,11.839,3.092855
BEN.N,2022-04-01,17.46,2.325202
BEN.N,2022-01-01,21.676,1.515266
BEN.N,2021-10-01,46.393,1.527139
META.OQ,2022-10-01,-13.087,3.747421
META.OQ,2022-07-01,-4.954,3.092855
META.OQ,2022-04-01,6.353,2.325202
META.OQ,2022-01-01,-4.39,1.515266
META.OQ,2021-10-01,0.985,1.527139
EXPD.OQ,2022-10-01,30.524,3.747421
EXPD.OQ,2022-07-01,6.648,3.092855
EXPD.OQ,2022-04-01,17.572,2.325202
EXPD.OQ,2022-01-01,27.839,1.515266
EXPD.OQ,2021-10-01,18.182,1.527139
PAYC.N,2022-10-01,7.423,3.747421
PAYC.N,2022-07-01,12.661,3.092855
PAYC.N,2022-04-01,8.625,2.325202
PAYC.N,2022-01-01,2.506,1.515266
PAYC.N,2021-10-01,1.666,1.527139
EXPE.OQ,2022-10-01,-1.72,3.747421
EXPE.OQ,2022-07-01,25.333,3.092855
EXPE.OQ,2022-04-01,24.643,2.325202
EXPE.OQ,2022-01-01,54.53,1.515266
EXPE.OQ,2021-10-01,113.562,1.527139
RJF.N,2022-10-01,3.983,3.747421
RJF.N,2022-07-01,-3.012,3.092855
RJF.N,2022-04-01,-5.379,2.325202
RJF.N,2022-01-01,20.386,1.515266
RJF.N,2021-10-01,20.75,1.527139
CL.N,2022-10-01,1.076,3.747421
CL.N,2022-07-01,1.543,3.092855
CL.N,2022-04-01,-0.596,2.325202
CL.N,2022-01-01,0.472,1.515266
CL.N,2021-10-01,1.911,1.527139
VICI.N,2022-10-01,-40.421,3.747421
VICI.N,2022-07-01,16.915,3.092855
VICI.N,2022-04-01,-16.512,2.325202
VICI.N,2022-01-01,-2.799,1.515266
VICI.N,2021-10-01,-40.505,1.527139
CE.N,2022-10-01,-0.909,3.747421
CE.N,2022-07-01,9.424,3.092855
CE.N,2022-04-01,22.638,2.325202
CE.N,2022-01-01,-2.728,1.515266
CE.N,2021-10-01,1.478,1.527139
UNH.N,2022-10-01,6.796,3.747421
UNH.N,2022-07-01,7.129,3.092855
UNH.N,2022-04-01,2.111,2.325202
UNH.N,2022-01-01,4.055,1.515266
UNH.N,2021-10-01,2.49,1.527139
ARE.N,2022-10-01,211.821,3.747421
ARE.N,2022-07-01,153.03,3.092855
ARE.N,2022-04-01,-227.575,2.325202
ARE.N,2022-01-01,-27.692,1.515266
ARE.N,2021-10-01,8.065,1.527139
GEN.OQ,2022-10-01,1.124,3.747421
GEN.OQ,2022-07-01,5.468,3.092855
GEN.OQ,2022-04-01,2.793,2.325202
GEN.OQ,2022-01-01,1.734,1.515266
GEN.OQ,2021-10-01,1.976,1.527139
LLY.N,2022-10-01,3.293,3.747421
LLY.N,2022-07-01,-25.973,3.092855
LLY.N,2022-04-01,19.246,2.325202
LLY.N,2022-01-01,1.274,1.515266
LLY.N,2021-10-01,-1.899,1.527139
CDAY.N,2022-10-01,61.852,3.747421
CDAY.N,2022-07-01,110.0,3.092855
CDAY.N,2022-04-01,61.21,2.325202
CDAY.N,2022-01-01,89.32,1.515266
CDAY.N,2021-10-01,10.693,1.527139
GRMN.N,2022-10-01,9.929,2.61179979517789
GRMN.N,2022-07-01,2.857,2.11076438273072
GRMN.N,2022-04-01,-1.48,1.31931624698397
GRMN.N,2022-01-01,8.718,0.311391543578928
GRMN.N,2021-10-01,12.032,0.424869589820787
NWL.OQ,2022-10-01,13.866,3.747421
NWL.OQ,2022-07-01,21.346,3.092855
NWL.OQ,2022-04-01,33.048,2.325202
NWL.OQ,2022-01-01,29.498,1.515266
NWL.OQ,2021-10-01,8.669,1.527139
ISRG.OQ,2022-10-01,6.312,3.747421
ISRG.OQ,2022-07-01,-3.95,3.092855
ISRG.OQ,2022-04-01,4.766,2.325202
ISRG.OQ,2022-01-01,1.628,1.515266
ISRG.OQ,2021-10-01,2.038,1.527139
AVB.N,2022-10-01,180.159,3.747421
AVB.N,2022-07-01,7.414,3.092855
AVB.N,2022-04-01,-6.107,2.325202
AVB.N,2022-01-01,140.534,1.515266
AVB.N,2021-10-01,-27.168,1.527139
TPR.N,2022-10-01,4.775,3.747421
TPR.N,2022-07-01,0.979,3.092855
TPR.N,2022-04-01,23.645,2.325202
TPR.N,2022-01-01,12.341,1.515266
TPR.N,2021-10-01,17.748,1.527139
CBRE.N,2022-10-01,-10.318,3.747421
CBRE.N,2022-07-01,30.982,3.092855
CBRE.N,2022-04-01,29.152,2.325202
CBRE.N,2022-01-01,1.124,1.515266
CBRE.N,2021-10-01,16.807,1.527139
CINF.OQ,2022-10-01,8.262,3.747421
CINF.OQ,2022-07-01,-38.795,3.092855
CINF.OQ,2022-04-01,7.361,2.325202
CINF.OQ,2022-01-01,46.107,1.515266
CINF.OQ,2021-10-01,46.845,1.527139
SEE.N,2022-10-01,8.761,3.747421
SEE.N,2022-07-01,3.759,3.092855
SEE.N,2022-04-01,20.453,2.325202
SEE.N,2022-01-01,-0.823,1.515266
SEE.N,2021-10-01,4.425,1.527139
WMB.N,2022-10-01,12.489,3.747421
WMB.N,2022-07-01,-10.569,3.092855
WMB.N,2022-04-01,15.998,2.325202
WMB.N,2022-01-01,14.37,1.515266
WMB.N,2021-10-01,20.103,1.527139
EA.OQ,2022-10-01,5.97,3.747421
EA.OQ,2022-07-01,65.961,3.092855
EA.OQ,2022-04-01,2.052,2.325202
EA.OQ,2022-01-01,-0.488,1.515266
EA.OQ,2021-10-01,35.334,1.527139
TMUS.OQ,2022-10-01,817.852,3.747421
TMUS.OQ,2022-07-01,75.01,3.092855
TMUS.OQ,2022-04-01,75.293,2.325202
TMUS.OQ,2022-01-01,123.611,1.515266
TMUS.OQ,2021-10-01,3.817,1.527139
CB.N,2022-10-01,22.241,2.61179979517789
CB.N,2022-07-01,15.886,2.11076438273072
CB.N,2022-04-01,9.819,1.31931624698397
CB.N,2022-01-01,15.753,0.311391543578928
CB.N,2021-10-01,22.323,0.424869589820787
TXN.OQ,2022-10-01,2.32,3.747421
TXN.OQ,2022-07-01,15.695,3.092855
TXN.OQ,2022-04-01,7.966,2.325202
TXN.OQ,2022-01-01,16.82,1.515266
TXN.OQ,2021-10-01,0.839,1.527139
MDLZ.OQ,2022-10-01,7.773,3.747421
MDLZ.OQ,2022-07-01,4.915,3.092855
MDLZ.OQ,2022-04-01,13.032,2.325202
MDLZ.OQ,2022-01-01,-0.587,1.515266
MDLZ.OQ,2021-10-01,0.053,1.527139
BRO.N,2022-10-01,-17.455,3.747421
BRO.N,2022-07-01,4.314,3.092855
BRO.N,2022-04-01,3.339,2.325202
BRO.N,2022-01-01,8.435,1.515266
BRO.N,2021-10-01,9.895,1.527139
BALL.N,2022-10-01,-6.077,3.747421
BALL.N,2022-07-01,-9.014,3.092855
BALL.N,2022-04-01,-7.078,2.325202
BALL.N,2022-01-01,8.031,1.515266
BALL.N,2021-10-01,-4.782,1.527139
PFG.OQ,2022-10-01,16.864,3.747421
PFG.OQ,2022-07-01,18.913,3.092855
PFG.OQ,2022-04-01,4.409,2.325202
PFG.OQ,2022-01-01,12.189,1.515266
PFG.OQ,2021-10-01,5.835,1.527139
KEYS.N,2022-10-01,7.571,3.747421
KEYS.N,2022-07-01,12.621,3.092855
KEYS.N,2022-04-01,9.27,2.325202
KEYS.N,2022-01-01,6.215,1.515266
KEYS.N,2021-10-01,10.801,1.527139
SEDG.OQ,2022-10-01,-36.759,3.42037365357208
SEDG.OQ,2022-07-01,-31.748,3.09847572626999
SEDG.OQ,2022-04-01,-5.32,2.1826632302388
SEDG.OQ,2022-01-01,-16.332,1.15681299303049
SEDG.OQ,2021-10-01,6.881,1.36224041914804
PCG.N,2022-10-01,41.602,3.747421
PCG.N,2022-07-01,-10.66,3.092855
PCG.N,2022-04-01,18.161,2.325202
PCG.N,2022-01-01,-21.122,1.515266
PCG.N,2021-10-01,-6.188,1.527139
RL.N,2022-10-01,7.054,3.747421
RL.N,2022-07-01,7.457,3.092855
RL.N,2022-04-01,35.97,2.325202
RL.N,2022-01-01,35.224,1.515266
RL.N,2021-10-01,31.297,1.527139
JPM.N,2022-10-01,16.559,3.747421
JPM.N,2022-07-01,-4.251,3.092855
JPM.N,2022-04-01,2.671,2.325202
JPM.N,2022-01-01,10.573,1.515266
JPM.N,2021-10-01,24.815,1.527139
TTWO.OQ,2022-10-01,-5.395,3.747421
TTWO.OQ,2022-07-01,-13.421,3.092855
TTWO.OQ,2022-04-01,4.817,2.325202
TTWO.OQ,2022-01-01,6.057,1.515266
TTWO.OQ,2021-10-01,22.317,1.527139
CDW.OQ,2022-10-01,3.02,3.747421
CDW.OQ,2022-07-01,2.723,3.092855
CDW.OQ,2022-04-01,9.308,2.325202
CDW.OQ,2022-01-01,7.839,1.515266
CDW.OQ,2021-10-01,3.987,1.527139
RMD.N,2022-10-01,-0.44,3.747421
RMD.N,2022-07-01,2.657,3.092855
RMD.N,2022-04-01,-7.151,2.325202
RMD.N,2022-01-01,-3.29,1.515266
RMD.N,2021-10-01,11.132,1.527139
LNT.OQ,2022-07-01,8.155,3.747421
LNT.OQ,2022-04-01,7.019,3.092855
LNT.OQ,2022-01-01,-1.754,2.325202
LNT.OQ,2021-10-01,5.837,1.515266
LNT.OQ,2021-07-01,2.472,1.527139
CMG.N,2022-10-01,3.303,3.747421
CMG.N,2022-07-01,2.859,3.092855
CMG.N,2022-04-01,1.097,2.325202
CMG.N,2022-01-01,6.042,1.515266
CMG.N,2021-10-01,11.057,1.527139
PCAR.OQ,2022-10-01,11.437,3.747421
PCAR.OQ,2022-07-01,13.94,3.092855
PCAR.OQ,2022-04-01,11.652,2.325202
PCAR.OQ,2022-01-01,11.527,1.515266
PCAR.OQ,2021-10-01,-10.047,1.527139
GNRC.N,2022-10-01,-4.43,3.747421
GNRC.N,2022-07-01,13.386,3.092855
GNRC.N,2022-04-01,6.416,2.325202
GNRC.N,2022-01-01,4.751,1.515266
GNRC.N,2021-10-01,1.487,1.527139
CHTR.OQ,2022-10-01,-10.339,3.747421
CHTR.OQ,2022-07-01,27.712,3.092855
CHTR.OQ,2022-04-01,6.675,2.325202
CHTR.OQ,2022-01-01,29.527,1.515266
CHTR.OQ,2021-10-01,13.828,1.527139
PWR.N,2022-10-01,0.155,3.747421
PWR.N,2022-07-01,1.032,3.092855
PWR.N,2022-04-01,12.52,2.325202
PWR.N,2022-01-01,8.973,1.515266
PWR.N,2021-10-01,1.727,1.527139
CCL.N,2022-07-01,-295.176,3.747421
CCL.N,2022-04-01,-40.106,3.092855
CCL.N,2022-01-01,-32.04,2.325202
CCL.N,2021-10-01,-20.271,
CCL.N,2021-07-01,-18.483,1.527139
PM.N,2022-10-01,12.569,3.747421
PM.N,2022-07-01,17.46,3.092855
PM.N,2022-04-01,4.59,2.325202
PM.N,2022-01-01,1.722,1.515266
PM.N,2021-10-01,2.199,1.527139
COO.N,2022-07-01,-0.866,3.747421
COO.N,2022-04-01,-5.56,3.092855
COO.N,2022-01-01,4.345,2.325202
COO.N,2021-10-01,-2.752,1.515266
COO.N,2021-07-01,3.65,1.527139
SNA.N,2022-10-01,7.242,3.747421
SNA.N,2022-07-01,8.12,3.092855
SNA.N,2022-04-01,9.181,2.325202
SNA.N,2022-01-01,11.091,1.515266
SNA.N,2021-10-01,5.552,1.527139
UAL.OQ,2022-10-01,23.499,3.747421
UAL.OQ,2022-07-01,-26.785,3.092855
UAL.OQ,2022-04-01,-0.582,2.325202
UAL.OQ,2022-01-01,24.169,1.515266
UAL.OQ,2021-10-01,39.092,1.527139
ESS.N,2022-10-01,6.376,3.747421
ESS.N,2022-07-01,-33.991,3.092855
ESS.N,2022-04-01,-7.219,2.325202
ESS.N,2022-01-01,96.058,1.515266
ESS.N,2021-10-01,79.31,1.527139
KHC.OQ,2022-10-01,12.675,3.747421
KHC.OQ,2022-07-01,2.461,3.092855
KHC.OQ,2022-04-01,12.744,2.325202
KHC.OQ,2022-01-01,25.608,1.515266
KHC.OQ,2021-10-01,12.422,1.527139
JBHT.OQ,2022-10-01,4.841,3.747421
JBHT.OQ,2022-07-01,3.122,3.092855
JBHT.OQ,2022-04-01,17.889,2.325202
JBHT.OQ,2022-01-01,12.95,1.515266
JBHT.OQ,2021-10-01,5.953,1.527139
CMI.N,2022-10-01,-41.844,3.747421
CMI.N,2022-07-01,13.559,3.092855
CMI.N,2022-04-01,13.62,2.325202
CMI.N,2022-01-01,-13.335,1.515266
CMI.N,2021-10-01,-5.705,1.527139
PNR.N,2022-10-01,6.98,3.53384839524641
PNR.N,2022-07-01,2.493,2.94105014823835
PNR.N,2022-04-01,5.198,2.0884838984078
PNR.N,2022-01-01,2.387,1.38519634175986
PNR.N,2021-10-01,6.523,1.37666313148704
CRL.N,2022-10-01,5.411,3.747421
CRL.N,2022-07-01,1.301,3.092855
CRL.N,2022-04-01,1.261,2.325202
CRL.N,2022-01-01,2.367,1.515266
CRL.N,2021-10-01,4.736,1.527139
DPZ.N,2022-10-01,-6.035,3.747421
DPZ.N,2022-07-01,-2.94,3.092855
DPZ.N,2022-04-01,-18.176,2.325202
DPZ.N,2022-01-01,-0.68,1.515266
DPZ.N,2021-10-01,4.128,1.527139
HPQ.N,2022-07-01,0.074,3.747421
HPQ.N,2022-04-01,2.648,3.092855
HPQ.N,2022-01-01,7.541,2.325202
HPQ.N,2021-10-01,6.44,1.515266
HPQ.N,2021-07-01,4.091,1.527139
LW.N,2022-10-01,51.733,3.747421
LW.N,2022-07-01,27.87,3.092855
LW.N,2022-04-01,66.45,2.325202
LW.N,2022-01-01,54.866,1.515266
LW.N,2021-10-01,-47.17,1.527139
TGT.N,2022-07-01,-45.519,3.747421
TGT.N,2022-04-01,-28.553,3.092855
TGT.N,2022-01-01,11.64,2.325202
TGT.N,2021-10-01,7.043,1.515266
TGT.N,2021-07-01,4.307,1.527139
NTAP.OQ,2022-10-01,11.303,3.747421
NTAP.OQ,2022-07-01,9.32,3.092855
NTAP.OQ,2022-04-01,11.269,2.325202
NTAP.OQ,2022-01-01,12.067,1.515266
NTAP.OQ,2021-10-01,5.693,1.527139
OXY.N,2022-07-01,4.586,3.747421
OXY.N,2022-04-01,4.523,3.092855
OXY.N,2022-01-01,34.324,2.325202
OXY.N,2021-10-01,31.788,1.515266
OXY.N,2021-07-01,832.401,1.527139
IR.N,2022-10-01,5.288,3.747421
IR.N,2022-07-01,3.621,3.092855
IR.N,2022-04-01,8.94,2.325202
IR.N,2022-01-01,14.23,1.515266
IR.N,2021-10-01,21.709,1.527139
TER.OQ,2022-10-01,10.713,3.747421
TER.OQ,2022-07-01,5.911,3.092855
TER.OQ,2022-04-01,10.919,2.325202
TER.OQ,2022-01-01,6.412,1.515266
TER.OQ,2021-10-01,11.012,1.527139
WAB.N,2022-10-01,1.095,3.747421
WAB.N,2022-07-01,0.973,3.092855
WAB.N,2022-04-01,0.713,2.325202
WAB.N,2022-01-01,1.02,1.515266
WAB.N,2021-10-01,1.484,1.527139
NOW.N,2022-10-01,6.261,3.747421
NOW.N,2022-07-01,5.167,3.092855
NOW.N,2022-04-01,1.777,2.325202
NOW.N,2022-01-01,2.261,1.515266
NOW.N,2021-10-01,11.989,1.527139
EXC.OQ,2022-10-01,6.87,3.747421
EXC.OQ,2022-07-01,-3.72,3.092855
EXC.OQ,2022-04-01,-1.971,2.325202
EXC.OQ,2022-01-01,3.396,1.515266
EXC.OQ,2021-10-01,0.356,1.527139
BR.N,2022-10-01,-4.11,3.747421
BR.N,2022-07-01,0.991,3.092855
BR.N,2022-04-01,8.253,2.325202
BR.N,2022-01-01,-0.52,1.515266
BR.N,2021-10-01,8.551,1.527139
EMN.N,2022-10-01,2.354,3.747421
EMN.N,2022-07-01,4.931,3.092855
EMN.N,2022-04-01,-2.589,2.325202
EMN.N,2022-01-01,-2.811,1.515266
EMN.N,2021-10-01,-0.124,1.527139
AZO.N,2022-07-01,5.474,3.747421
AZO.N,2022-04-01,11.42,3.092855
AZO.N,2022-01-01,25.374,2.325202
AZO.N,2021-10-01,23.097,1.515266
AZO.N,2021-07-01,19.392,1.527139
TEL.N,2022-10-01,0.804,2.61179979517789
TEL.N,2022-07-01,6.497,2.11076438273072
TEL.N,2022-04-01,6.502,1.31931624698397
TEL.N,2022-01-01,9.076,0.311391543578928
TEL.N,2021-10-01,3.329,0.424869589820787
FRT.N,2022-10-01,201.917,3.747421
FRT.N,2022-07-01,24.481,3.092855
FRT.N,2022-04-01,32.167,2.325202
FRT.N,2022-01-01,175.161,
FRT.N,2021-10-01,54.589,
DUK.N,2022-10-01,-3.491,3.747421
DUK.N,2022-07-01,6.801,3.092855
DUK.N,2022-04-01,-1.947,2.325202
DUK.N,2022-01-01,-1.867,1.515266
DUK.N,2021-10-01,4.74,1.527139
KMI.N,2022-10-01,-12.587,3.747421
KMI.N,2022-07-01,-1.244,3.092855
KMI.N,2022-04-01,11.628,2.325202
KMI.N,2022-01-01,5.058,1.515266
KMI.N,2021-10-01,-8.245,1.527139
DVN.N,2022-10-01,2.683,3.747421
DVN.N,2022-07-01,8.751,3.092855
DVN.N,2022-04-01,7.618,2.325202
DVN.N,2022-01-01,12.09,1.515266
DVN.N,2021-10-01,16.468,1.527139
RCL.N,2022-10-01,39.171,3.747421
RCL.N,2022-07-01,5.31,3.092855
RCL.N,2022-04-01,-2.262,2.325202
RCL.N,2022-01-01,-21.836,1.515266
RCL.N,2021-10-01,-11.464,1.527139
VTRS.OQ,2022-07-01,6.024,3.747421
VTRS.OQ,2022-04-01,12.632,3.092855
VTRS.OQ,2022-01-01,-3.403,2.325202
VTRS.OQ,2021-10-01,12.048,1.515266
VTRS.OQ,2021-07-01,12.235,1.527139
CAH.N,2022-10-01,27.364,3.747421
CAH.N,2022-07-01,-10.645,3.092855
CAH.N,2022-04-01,-4.929,2.325202
CAH.N,2022-01-01,3.477,1.515266
CAH.N,2021-10-01,-2.715,1.527139
AAL.OQ,2022-10-01,22.916,3.747421
AAL.OQ,2022-07-01,-0.202,3.092855
AAL.OQ,2022-04-01,3.459,2.325202
AAL.OQ,2022-01-01,3.813,1.515266
AAL.OQ,2021-10-01,4.695,1.527139
MKC.N,2022-10-01,-9.318,3.747421
MKC.N,2022-04-01,-25.892,3.092855
MKC.N,2022-01-01,2.024,2.325202
MKC.N,2022-01-01,4.987,1.515266
MKC.N,2021-07-01,11.003,1.527139
IEX.N,2022-10-01,6.918,3.747421
IEX.N,2022-07-01,6.865,3.092855
IEX.N,2022-04-01,12.413,2.325202
IEX.N,2022-01-01,-2.002,1.515266
IEX.N,2021-10-01,2.403,1.527139
VLO.N,2022-10-01,4.438,3.747421
VLO.N,2022-07-01,18.524,3.092855
VLO.N,2022-04-01,39.499,2.325202
VLO.N,2022-01-01,34.411,1.515266
VLO.N,2021-10-01,32.33,1.527139
LH.N,2022-10-01,0.277,3.747421
LH.N,2022-07-01,5.343,3.092855
LH.N,2022-04-01,2.235,2.325202
LH.N,2022-01-01,16.817,1.515266
LH.N,2021-10-01,38.701,1.527139
DRI.N,2022-07-01,-1.952,3.747421
DRI.N,2022-04-01,2.719,3.092855
DRI.N,2022-01-01,-8.99,2.325202
DRI.N,2021-10-01,3.663,1.515266
DRI.N,2021-07-01,6.903,1.527139
MAA.N,2022-10-01,-5.063,3.747421
MAA.N,2022-07-01,94.652,3.092855
MAA.N,2022-04-01,16.137,2.325202
MAA.N,2022-01-01,112.859,1.515266
MAA.N,2021-10-01,11.45,1.527139
JNJ.N,2022-10-01,3.158,3.747421
JNJ.N,2022-07-01,2.152,3.092855
JNJ.N,2022-04-01,4.129,2.325202
JNJ.N,2022-01-01,0.6,1.515266
JNJ.N,2021-10-01,10.574,1.527139
ABC.N,2022-10-01,1.164,3.747421
ABC.N,2022-07-01,2.175,3.092855
ABC.N,2022-04-01,10.023,2.325202
ABC.N,2022-01-01,0.181,1.515266
ABC.N,2021-10-01,1.307,1.527139
SHW.N,2022-10-01,10.43,3.747421
SHW.N,2022-07-01,-13.073,3.092855
SHW.N,2022-04-01,4.241,2.325202
SHW.N,2022-01-01,-2.831,1.515266
SHW.N,2021-10-01,-0.511,1.527139
GD.N,2022-10-01,3.384,3.747421
GD.N,2022-07-01,0.955,3.092855
GD.N,2022-04-01,4.155,2.325202
GD.N,2022-01-01,0.506,1.515266
GD.N,2021-10-01,3.042,1.527139
SBAC.OQ,2022-10-01,-3.697,3.747421
SBAC.OQ,2022-07-01,-29.052,3.092855
SBAC.OQ,2022-04-01,72.668,2.325202
SBAC.OQ,2022-01-01,-35.913,1.515266
SBAC.OQ,2021-10-01,-48.026,1.527139
MPWR.OQ,2022-10-01,0.87,3.747421
MPWR.OQ,2022-07-01,10.339,3.092855
MPWR.OQ,2022-04-01,8.49,2.325202
MPWR.OQ,2022-01-01,13.039,1.515266
MPWR.OQ,2021-10-01,3.094,1.527139
COP.N,2022-10-01,4.026,3.747421
COP.N,2022-07-01,2.784,3.092855
COP.N,2022-04-01,7.953,2.325202
COP.N,2022-01-01,3.945,1.515266
COP.N,2021-10-01,17.6,1.527139
ORCL.N,2022-07-01,-3.897,3.747421
ORCL.N,2022-04-01,12.342,3.092855
ORCL.N,2022-01-01,-3.872,2.325202
ORCL.N,2021-10-01,8.768,1.515266
ORCL.N,2021-07-01,6.268,1.527139
AMP.N,2022-10-01,9.988,3.747421
AMP.N,2022-07-01,4.529,3.092855
AMP.N,2022-04-01,1.997,2.325202
AMP.N,2022-01-01,7.824,1.515266
AMP.N,2021-10-01,7.757,1.527139
NXPI.OQ,2022-10-01,5.046,3.27744988545142
NXPI.OQ,2022-07-01,4.919,2.84568492180285
NXPI.OQ,2022-04-01,5.49,2.00852055693091
NXPI.OQ,2022-01-01,7.168,1.21921595431588
NXPI.OQ,2021-10-01,4.334,1.31493592405191
CPRT.OQ,2022-10-01,-9.435,3.747421
CPRT.OQ,2022-07-01,2.844,3.092855
CPRT.OQ,2022-04-01,2.519,2.325202
CPRT.OQ,2022-01-01,2.389,1.515266
CPRT.OQ,2021-10-01,5.941,1.527139
TXT.N,2022-10-01,14.073,3.747421
TXT.N,2022-07-01,13.314,3.092855
TXT.N,2022-04-01,20.273,2.325202
TXT.N,2022-01-01,-1.485,1.515266
TXT.N,2021-10-01,9.536,1.527139
T.N,2022-10-01,11.193,3.747421
T.N,2022-07-01,7.252,3.092855
T.N,2022-04-01,-1.919,2.325202
T.N,2022-01-01,2.858,1.515266
T.N,2021-10-01,11.404,1.527139
MTCH.OQ,2022-10-01,1.279,3.747421
MTCH.OQ,2022-07-01,30.905,3.092855
MTCH.OQ,2022-04-01,13.326,2.325202
MTCH.OQ,2022-01-01,18.868,1.515266
MTCH.OQ,2021-10-01,-21.14,1.527139
NDAQ.OQ,2022-10-01,4.83,3.747421
NDAQ.OQ,2022-07-01,8.122,3.092855
NDAQ.OQ,2022-04-01,1.244,2.325202
NDAQ.OQ,2022-01-01,8.653,1.515266
NDAQ.OQ,2021-10-01,3.345,1.527139
FFIV.OQ,2022-10-01,3.914,3.747421
FFIV.OQ,2022-07-01,15.101,3.092855
FFIV.OQ,2022-04-01,5.732,2.325202
FFIV.OQ,2022-01-01,3.974,1.515266
FFIV.OQ,2021-10-01,9.539,1.527139
LEN.N,2022-07-01,6.488,3.747421
LEN.N,2022-04-01,13.441,3.092855
LEN.N,2022-01-01,-34.867,2.325202
LEN.N,2021-10-01,-5.844,1.515266
LEN.N,2021-07-01,38.166,1.527139
CDNS.OQ,2022-10-01,9.697,3.747421
CDNS.OQ,2022-07-01,12.22,3.092855
CDNS.OQ,2022-04-01,15.165,2.325202
CDNS.OQ,2022-01-01,7.692,1.515266
CDNS.OQ,2021-10-01,6.646,1.527139
NVDA.OQ,2022-10-01,-16.47,3.747421
NVDA.OQ,2022-07-01,-59.377,3.092855
NVDA.OQ,2022-04-01,5.153,2.325202
NVDA.OQ,2022-01-01,7.988,1.515266
NVDA.OQ,2021-10-01,5.756,1.527139
WELL.N,2022-10-01,-106.173,3.747421
WELL.N,2022-07-01,10.345,
WELL.N,2022-04-01,-20.904,
WELL.N,2022-01-01,-13.333,
WELL.N,2021-10-01,111.055,
PLD.N,2022-10-01,11.606,3.747421
PLD.N,2022-07-01,31.904,3.092855
PLD.N,2022-04-01,180.0,2.325202
PLD.N,2022-01-01,176.033,1.515266
PLD.N,2021-10-01,89.665,1.527139
ROST.OQ,2022-07-01,11.621,3.747421
ROST.OQ,2022-04-01,-8.837,3.092855
ROST.OQ,2022-01-01,7.274,2.325202
ROST.OQ,2021-10-01,39.047,1.515266
ROST.OQ,2021-07-01,42.213,1.527139
MRK.N,2022-10-01,8.441,3.747421
MRK.N,2022-07-01,9.766,3.092855
MRK.N,2022-04-01,16.756,2.325202
MRK.N,2022-01-01,17.946,1.515266
MRK.N,2021-10-01,13.218,1.527139
WEC.N,2022-10-01,11.188,3.747421
WEC.N,2022-07-01,6.808,3.092855
WEC.N,2022-04-01,7.285,2.325202
WEC.N,2022-01-01,5.094,1.515266
WEC.N,2021-10-01,16.247,1.527139
MSCI.N,2022-10-01,5.23,3.747421
MSCI.N,2022-07-01,3.636,3.092855
MSCI.N,2022-04-01,6.532,2.325202
MSCI.N,2022-01-01,0.628,1.515266
MSCI.N,2021-10-01,4.923,1.527139
TMO.N,2022-10-01,5.567,3.747421
TMO.N,2022-07-01,10.485,3.092855
TMO.N,2022-04-01,17.3,2.325202
TMO.N,2022-01-01,24.048,1.515266
TMO.N,2021-10-01,23.339,1.527139
F.N,2022-10-01,10.457,3.747421
F.N,2022-07-01,52.013,3.092855
F.N,2022-04-01,2.653,2.325202
F.N,2022-01-01,-42.517,1.515266
F.N,2021-10-01,89.633,1.527139
GEHC.OQ,,,
GEHC.OQ,,,
GEHC.OQ,,,
GEHC.OQ,,,
GEHC.OQ,,,
LYB.N,2022-10-01,-31.083,3.53384839524641
LYB.N,2022-07-01,11.244,2.94105014823835
LYB.N,2022-04-01,13.469,2.0884838984078
LYB.N,2022-01-01,-8.474,1.38519634175986
LYB.N,2021-10-01,-8.738,1.37666313148704
IBM.N,2022-10-01,2.034,3.747421
IBM.N,2022-07-01,1.642,3.092855
IBM.N,2022-04-01,1.276,2.325202
IBM.N,2022-01-01,1.558,1.515266
IBM.N,2021-10-01,0.827,1.527139
IQV.N,2022-10-01,3.983,3.747421
IQV.N,2022-07-01,2.476,3.092855
IQV.N,2022-04-01,2.098,2.325202
IQV.N,2022-01-01,4.766,1.515266
IQV.N,2021-10-01,2.206,1.527139
VRTX.OQ,2022-10-01,10.044,3.747421
VRTX.OQ,2022-07-01,3.471,3.092855
VRTX.OQ,2022-04-01,0.799,2.325202
VRTX.OQ,2022-01-01,2.135,1.515266
VRTX.OQ,2021-10-01,15.535,1.527139
DXCM.OQ,2022-10-01,15.813,3.747421
DXCM.OQ,2022-07-01,-10.375,3.092855
DXCM.OQ,2022-04-01,-38.608,2.325202
DXCM.OQ,2022-01-01,-19.922,1.515266
DXCM.OQ,2021-10-01,39.52,1.527139
PEP.OQ,2022-10-01,6.826,3.747421
PEP.OQ,2022-07-01,7.114,3.092855
PEP.OQ,2022-04-01,4.599,2.325202
PEP.OQ,2022-01-01,0.92,1.515266
PEP.OQ,2021-10-01,3.266,1.527139
AOS.N,2022-10-01,-0.311,3.747421
AOS.N,2022-07-01,1.65,3.092855
AOS.N,2022-04-01,3.111,2.325202
AOS.N,2022-01-01,13.213,1.515266
AOS.N,2021-10-01,16.219,1.527139
BLK.N,2022-10-01,35.093,3.747421
BLK.N,2022-07-01,-6.814,3.092855
BLK.N,2022-04-01,8.815,2.325202
BLK.N,2022-01-01,2.52,1.515266
BLK.N,2021-10-01,17.155,1.527139
HII.N,2022-10-01,0.579,3.747421
HII.N,2022-07-01,32.686,3.092855
HII.N,2022-04-01,9.718,2.325202
HII.N,2022-01-01,0.561,1.515266
HII.N,2021-10-01,22.119,1.527139
CVS.N,2022-10-01,4.904,3.747421
CVS.N,2022-07-01,10.407,3.092855
CVS.N,2022-04-01,3.069,2.325202
CVS.N,2022-01-01,2.598,1.515266
CVS.N,2021-10-01,10.813,1.527139
PH.N,2022-10-01,13.798,3.747421
PH.N,2022-07-01,10.397,3.092855
PH.N,2022-04-01,3.884,2.325202
PH.N,2022-01-01,14.014,1.515266
PH.N,2021-10-01,15.642,1.527139
NSC.N,2022-10-01,12.771,3.747421
NSC.N,2022-07-01,-0.528,3.092855
NSC.N,2022-04-01,0.398,2.325202
NSC.N,2022-01-01,2.701,1.515266
NSC.N,2021-10-01,5.197,1.527139
MSFT.OQ,2022-10-01,2.052,3.747421
MSFT.OQ,2022-07-01,-2.736,3.092855
MSFT.OQ,2022-04-01,1.595,2.325202
MSFT.OQ,2022-01-01,7.253,1.515266
MSFT.OQ,2021-10-01,9.407,1.527139
HWM.N,2022-10-01,0.559,3.747421
HWM.N,2022-07-01,6.808,3.092855
HWM.N,2022-04-01,5.773,2.325202
HWM.N,2022-01-01,4.047,1.515266
HWM.N,2021-10-01,6.719,1.527139
BAX.N,2022-10-01,0.614,3.747421
BAX.N,2022-07-01,-0.372,3.092855
BAX.N,2022-04-01,16.038,2.325202
BAX.N,2022-01-01,1.082,1.515266
BAX.N,2021-10-01,8.749,1.527139
HUM.N,2022-10-01,9.498,3.747421
HUM.N,2022-07-01,13.051,3.092855
HUM.N,2022-04-01,18.526,2.325202
HUM.N,2022-01-01,7.363,1.515266
HUM.N,2021-10-01,3.729,1.527139
ZBH.N,2022-10-01,1.608,3.747421
ZBH.N,2022-07-01,10.606,3.092855
ZBH.N,2022-04-01,14.318,2.325202
ZBH.N,2022-01-01,-1.397,1.515266
ZBH.N,2021-10-01,3.023,1.527139
TDY.N,2022-10-01,5.721,3.747421
TDY.N,2022-07-01,1.109,3.092855
TDY.N,2022-04-01,7.624,2.325202
TDY.N,2022-01-01,8.153,1.515266
TDY.N,2021-10-01,17.752,1.527139
GILD.OQ,2022-10-01,33.273,3.747421
GILD.OQ,2022-07-01,4.204,3.092855
GILD.OQ,2022-04-01,17.303,2.325202
GILD.OQ,2022-01-01,-56.672,1.515266
GILD.OQ,2021-10-01,51.498,1.527139
EPAM.N,2022-10-01,22.519,3.747421
EPAM.N,2022-07-01,38.255,3.092855
EPAM.N,2022-04-01,40.814,2.325202
EPAM.N,2022-01-01,9.854,1.515266
EPAM.N,2021-10-01,8.999,1.527139
CMA.N,2022-10-01,1.242,3.747421
CMA.N,2022-07-01,7.756,3.092855
CMA.N,2022-04-01,-0.594,2.325202
CMA.N,2022-01-01,4.839,1.515266
CMA.N,2021-10-01,15.821,1.527139
NOC.N,2022-10-01,-3.629,3.747421
NOC.N,2022-07-01,4.705,3.092855
NOC.N,2022-04-01,2.319,2.325202
NOC.N,2022-01-01,0.661,1.515266
NOC.N,2021-10-01,10.66,1.527139
PNW.N,2022-07-01,10.205,3.747421
PNW.N,2022-04-01,150.334,3.092855
PNW.N,2022-01-01,322.535,2.325202
PNW.N,2021-10-01,7.72,1.515266
PNW.N,2021-07-01,15.933,1.527139
BFb.N,2022-07-01,10.188,3.747421
BFb.N,2022-04-01,15.581,3.092855
BFb.N,2022-01-01,13.581,2.325202
BFb.N,2021-10-01,-6.819,1.515266
BFb.N,2021-07-01,1.763,1.527139
DE.N,2022-10-01,4.667,3.747421
DE.N,2022-07-01,-7.883,3.092855
DE.N,2022-04-01,1.543,2.325202
DE.N,2022-01-01,28.934,1.515266
DE.N,2021-10-01,5.667,1.527139
HSY.N,2022-10-01,3.208,3.747421
HSY.N,2022-07-01,6.513,3.092855
HSY.N,2022-04-01,20.572,2.325202
HSY.N,2022-01-01,4.64,1.515266
HSY.N,2021-10-01,4.561,1.527139
GL.N,2022-10-01,2.348,3.747421
GL.N,2022-07-01,0.797,3.092855
GL.N,2022-04-01,-1.22,2.325202
GL.N,2022-01-01,-3.561,1.515266
GL.N,2021-10-01,-5.699,1.527139
SLB.N,2022-10-01,14.259,3.747421
SLB.N,2022-07-01,25.1,3.092855
SLB.N,2022-04-01,4.541,2.325202
SLB.N,2022-01-01,5.388,1.515266
SLB.N,2021-10-01,1.155,1.527139
AWK.N,2022-10-01,7.733,3.747421
AWK.N,2022-07-01,3.746,3.092855
AWK.N,2022-04-01,13.34,2.325202
AWK.N,2022-01-01,-30.859,1.515266
AWK.N,2021-10-01,0.109,1.527139
PKG.N,2022-10-01,0.604,3.747421
PKG.N,2022-07-01,13.182,3.092855
PKG.N,2022-04-01,8.151,2.325202
PKG.N,2022-01-01,33.443,1.515266
PKG.N,2021-10-01,14.889,1.527139
FLT.N,2022-10-01,1.358,3.747421
FLT.N,2022-07-01,9.043,3.092855
FLT.N,2022-04-01,3.362,2.325202
FLT.N,2022-01-01,3.439,1.515266
FLT.N,2021-10-01,1.119,1.527139
ADI.OQ,2022-10-01,5.732,3.747421
ADI.OQ,2022-07-01,3.638,3.092855
ADI.OQ,2022-04-01,13.95,2.325202
ADI.OQ,2022-01-01,9.2,1.515266
ADI.OQ,2021-10-01,1.762,1.527139
MMC.N,2022-10-01,3.158,3.747421
MMC.N,2022-07-01,1.424,3.092855
MMC.N,2022-04-01,7.276,2.325202
MMC.N,2022-01-01,1.365,1.515266
MMC.N,2021-10-01,9.756,1.527139
IT.N,2022-10-01,28.823,3.747421
IT.N,2022-07-01,33.517,3.092855
IT.N,2022-04-01,33.343,2.325202
IT.N,2022-01-01,23.722,1.515266
IT.N,2021-10-01,30.505,1.527139
ECL.N,2022-10-01,-0.961,3.747421
ECL.N,2022-07-01,0.793,3.092855
ECL.N,2022-04-01,-0.057,2.325202
ECL.N,2022-01-01,-2.286,1.515266
ECL.N,2021-10-01,8.233,1.527139
BXP.N,2022-10-01,205.333,3.747421
BXP.N,2022-07-01,82.051,3.092855
BXP.N,2022-04-01,35.483,2.325202
BXP.N,2022-01-01,135.06,1.515266
BXP.N,2021-10-01,9.873,1.527139
GE.N,2022-10-01,61.367,3.747421
GE.N,2022-07-01,107.845,3.092855
GE.N,2022-04-01,27.375,2.325202
GE.N,2022-01-01,8.733,1.515266
GE.N,2021-10-01,33.24,1.527139
ED.N,2022-10-01,11.538,3.747421
ED.N,2022-07-01,9.129,3.092855
ED.N,2022-04-01,-0.814,2.325202
ED.N,2022-01-01,17.382,1.515266
ED.N,2021-10-01,-4.31,1.527139
ALLE.N,2022-10-01,11.314,3.29282453331443
ALLE.N,2022-07-01,2.644,2.91936963920711
ALLE.N,2022-04-01,9.672,2.14571187856126
ALLE.N,2022-01-01,9.298,1.29346942920754
ALLE.N,2021-10-01,21.243,1.32963714211419
OTIS.N,2022-10-01,2.223,3.747421
OTIS.N,2022-07-01,9.746,3.092855
OTIS.N,2022-04-01,4.655,2.325202
OTIS.N,2022-01-01,5.795,1.515266
OTIS.N,2021-10-01,5.319,1.527139
WFC.N,2022-10-01,18.924,3.747421
WFC.N,2022-07-01,2.401,3.092855
WFC.N,2022-04-01,9.663,2.325202
WFC.N,2022-01-01,10.78,1.515266
WFC.N,2021-10-01,22.865,1.527139
CTVA.N,2022-10-01,47.26,3.747421
CTVA.N,2022-07-01,12.672,3.092855
CTVA.N,2022-04-01,18.646,2.325202
CTVA.N,2022-01-01,-7.167,1.515266
CTVA.N,2021-10-01,54.449,1.527139
FTV.N,2022-10-01,3.76,3.747421
FTV.N,2022-07-01,8.348,3.092855
FTV.N,2022-04-01,3.053,2.325202
FTV.N,2022-01-01,1.492,1.515266
FTV.N,2021-10-01,1.465,1.527139
AEE.N,2022-10-01,0.139,3.747421
AEE.N,2022-07-01,-3.997,3.092855
AEE.N,2022-04-01,-0.67,2.325202
AEE.N,2022-01-01,-2.141,1.515266
AEE.N,2021-10-01,2.5,1.527139
PRU.N,2022-10-01,5.704,3.747421
PRU.N,2022-07-01,-25.3,3.092855
PRU.N,2022-04-01,17.404,2.325202
PRU.N,2022-01-01,34.906,1.515266
PRU.N,2021-10-01,38.162,1.527139
DLTR.OQ,2022-07-01,0.737,3.747421
DLTR.OQ,2022-04-01,18.315,3.092855
DLTR.OQ,2022-01-01,13.487,2.325202
DLTR.OQ,2021-10-01,0.372,1.515266
DLTR.OQ,2021-07-01,22.637,1.527139
CF.N,2022-10-01,-31.882,3.747421
CF.N,2022-07-01,2.679,3.092855
CF.N,2022-04-01,-3.279,2.325202
CF.N,2022-01-01,-7.798,1.515266
CF.N,2021-10-01,-186.828,1.527139
NEE.N,2022-10-01,6.301,3.747421
NEE.N,2022-07-01,10.384,3.092855
NEE.N,2022-04-01,4.152,2.325202
NEE.N,2022-01-01,3.23,1.515266
NEE.N,2021-10-01,4.929,1.527139
FMC.N,2022-10-01,9.876,3.747421
FMC.N,2022-07-01,2.41,3.092855
FMC.N,2022-04-01,10.135,2.325202
FMC.N,2022-01-01,7.673,1.515266
FMC.N,2021-10-01,8.333,1.527139
ILMN.OQ,2022-10-01,14.121,3.747421
ILMN.OQ,2022-07-01,-12.01,3.092855
ILMN.OQ,2022-04-01,19.337,2.325202
ILMN.OQ,2022-01-01,52.42,1.515266
ILMN.OQ,2021-10-01,27.6,1.527139
KLAC.OQ,2022-10-01,13.709,3.747421
KLAC.OQ,2022-07-01,5.552,3.092855
KLAC.OQ,2022-04-01,6.334,2.325202
KLAC.OQ,2022-01-01,2.592,1.515266
KLAC.OQ,2021-10-01,2.727,1.527139
AME.N,2022-10-01,5.768,3.747421
AME.N,2022-07-01,6.987,3.092855
AME.N,2022-04-01,4.37,2.325202
AME.N,2022-01-01,5.385,1.515266
AME.N,2021-10-01,6.586,1.527139
NUE.N,2022-10-01,-3.41,3.747421
NUE.N,2022-07-01,9.208,3.092855
NUE.N,2022-04-01,5.253,2.325202
NUE.N,2022-01-01,0.749,1.515266
NUE.N,2021-10-01,-0.063,1.527139
D.N,2022-10-01,3.14,3.747421
D.N,2022-07-01,1.307,3.092855
D.N,2022-04-01,0.545,2.325202
D.N,2022-01-01,-0.947,1.515266
D.N,2021-10-01,4.481,1.527139
SJM.N,2022-07-01,31.255,3.747421
SJM.N,2022-04-01,18.644,3.092855
SJM.N,2022-01-01,11.575,2.325202
SJM.N,2021-10-01,18.8,1.515266
SJM.N,2021-07-01,1.922,1.527139
EMR.N,2022-10-01,10.651,3.747421
EMR.N,2022-07-01,6.309,3.092855
EMR.N,2022-04-01,9.238,2.325202
EMR.N,2022-01-01,5.744,1.515266
EMR.N,2021-10-01,2.308,1.527139
DVA.N,2022-10-01,-36.056,3.747421
DVA.N,2022-07-01,10.111,3.092855
DVA.N,2022-04-01,-13.765,2.325202
DVA.N,2022-01-01,12.311,1.515266
DVA.N,2021-10-01,4.68,1.527139
CMS.N,2022-10-01,2.416,3.747421
CMS.N,2022-07-01,5.564,3.092855
CMS.N,2022-04-01,7.572,2.325202
CMS.N,2022-01-01,6.837,1.515266
CMS.N,2021-10-01,0.729,1.527139
HPE.N,2022-07-01,0.081,3.747421
HPE.N,2022-04-01,-2.696,3.092855
HPE.N,2022-01-01,15.077,2.325202
HPE.N,2021-10-01,7.589,1.515266
HPE.N,2021-07-01,10.792,1.527139
RHI.N,2022-10-01,-6.178,3.747421
RHI.N,2022-07-01,0.729,3.092855
RHI.N,2022-04-01,4.122,2.325202
RHI.N,2022-01-01,4.426,1.515266
RHI.N,2021-10-01,9.033,1.527139
BDX.N,2022-10-01,0.274,3.747421
BDX.N,2022-07-01,6.482,3.092855
BDX.N,2022-04-01,6.385,2.325202
BDX.N,2022-01-01,27.601,1.515266
BDX.N,2021-10-01,5.453,1.527139
AAP.N,2022-07-01,-0.528,3.747421
AAP.N,2022-04-01,-0.593,3.092855
AAP.N,2022-01-01,5.084,2.325202
AAP.N,2021-10-01,11.788,1.515266
AAP.N,2021-07-01,11.718,1.527139
MGM.N,2022-10-01,-684.257,3.747421
MGM.N,2022-07-01,-87.083,3.092855
MGM.N,2022-04-01,111.299,2.325202
MGM.N,2022-01-01,477.478,1.515266
MGM.N,2021-10-01,318.75,1.527139
ALGN.OQ,2022-10-01,-37.646,3.747421
ALGN.OQ,2022-07-01,-10.193,3.092855
ALGN.OQ,2022-04-01,-4.195,2.325202
ALGN.OQ,2022-01-01,4.306,1.515266
ALGN.OQ,2021-10-01,10.473,1.527139
SRE.N,2022-07-01,12.543,3.747421
SRE.N,2022-04-01,5.159,3.092855
SRE.N,2022-01-01,8.024,2.325202
SRE.N,2021-10-01,-0.143,1.515266
SRE.N,2021-07-01,2.58,1.527139
REGN.OQ,2022-10-01,17.558,3.747421
REGN.OQ,2022-07-01,10.493,3.092855
REGN.OQ,2022-04-01,-8.293,2.325202
REGN.OQ,2022-01-01,16.211,1.515266
REGN.OQ,2021-10-01,42.216,1.527139
EFX.N,2022-10-01,6.438,3.747421
EFX.N,2022-07-01,4.409,3.092855
EFX.N,2022-04-01,3.713,2.325202
EFX.N,2022-01-01,1.594,1.515266
EFX.N,2021-10-01,7.554,1.527139
USB.N,2022-10-01,1.022,3.747421
USB.N,2022-07-01,2.015,3.092855
USB.N,2022-04-01,5.132,2.325202
USB.N,2022-01-01,-2.812,1.515266
USB.N,2021-10-01,12.174,1.527139
CSGP.OQ,2022-10-01,25.303,3.747421
CSGP.OQ,2022-07-01,34.318,3.092855
CSGP.OQ,2022-04-01,14.004,2.325202
CSGP.OQ,2022-01-01,18.861,1.515266
CSGP.OQ,2021-10-01,9.089,1.527139
HCA.N,2022-10-01,1.267,3.747421
HCA.N,2022-07-01,13.803,3.092855
HCA.N,2022-04-01,-3.028,2.325202
HCA.N,2022-01-01,-2.485,1.515266
HCA.N,2021-10-01,11.766,1.527139
AVGO.OQ,2022-07-01,1.746,3.747421
AVGO.OQ,2022-04-01,4.191,3.092855
AVGO.OQ,2022-01-01,3.834,2.325202
AVGO.OQ,2021-10-01,0.863,1.515266
AVGO.OQ,2021-07-01,1.168,1.527139
DHR.N,2022-10-01,13.249,3.747421
DHR.N,2022-07-01,17.472,3.092855
DHR.N,2022-04-01,3.669,2.325202
DHR.N,2022-01-01,5.886,1.515266
DHR.N,2021-10-01,10.997,1.527139
NWSA.OQ,2022-10-01,-20.619,3.747421
NWSA.OQ,2022-07-01,469.231,3.092855
NWSA.OQ,2022-04-01,10.345,2.325202
NWSA.OQ,2022-01-01,43.169,1.515266
NWSA.OQ,2021-10-01,67.675,1.527139
RTX.N,2022-10-01,6.355,3.747421
RTX.N,2022-07-01,3.408,3.092855
RTX.N,2022-04-01,13.272,2.325202
RTX.N,2022-01-01,5.517,1.515266
RTX.N,2021-10-01,16.195,1.527139
AAPL.OQ,2022-10-01,1.553,3.747421
AAPL.OQ,2022-07-01,3.249,3.092855
AAPL.OQ,2022-04-01,6.44,2.325202
AAPL.OQ,2022-01-01,11.17,1.515266
AAPL.OQ,2021-10-01,0.303,1.527139
CME.OQ,2022-10-01,2.245,3.747421
CME.OQ,2022-07-01,1.829,3.092855
CME.OQ,2022-04-01,5.444,2.325202
CME.OQ,2022-01-01,1.195,1.515266
CME.OQ,2021-10-01,2.578,1.527139
MRO.N,2022-10-01,4.126,3.747421
MRO.N,2022-07-01,4.415,3.092855
MRO.N,2022-04-01,11.146,2.325202
MRO.N,2022-01-01,39.967,1.515266
MRO.N,2021-10-01,26.949,1.527139
ADM.N,2022-10-01,29.193,3.747421
ADM.N,2022-07-01,25.375,3.092855
ADM.N,2022-04-01,35.098,2.325202
ADM.N,2022-01-01,9.649,1.515266
ADM.N,2021-10-01,9.357,1.527139
APD.N,2022-10-01,4.661,3.747421
APD.N,2022-07-01,0.501,3.092855
APD.N,2022-04-01,1.234,2.325202
APD.N,2022-01-01,0.474,1.515266
APD.N,2021-10-01,0.686,1.527139
FANG.OQ,2022-10-01,2.361,3.747421
FANG.OQ,2022-07-01,7.445,3.092855
FANG.OQ,2022-04-01,14.969,2.325202
FANG.OQ,2022-01-01,7.474,1.515266
FANG.OQ,2021-10-01,6.289,1.527139
WRB.N,2022-10-01,18.291,3.747421
WRB.N,2022-07-01,30.119,3.092855
WRB.N,2022-04-01,16.327,2.325202
WRB.N,2022-01-01,21.02,1.515266
WRB.N,2021-10-01,33.502,1.527139
AXP.N,2022-10-01,2.4,3.747421
AXP.N,2022-07-01,6.537,3.092855
AXP.N,2022-04-01,11.963,2.325202
AXP.N,2022-01-01,16.739,1.515266
AXP.N,2021-10-01,25.989,1.527139
CLX.N,2022-10-01,25.148,3.747421
CLX.N,2022-07-01,0.066,3.092855
CLX.N,2022-04-01,34.581,2.325202
CLX.N,2022-01-01,-21.671,1.515266
CLX.N,2021-10-01,17.248,1.527139
DOV.N,2022-10-01,3.504,3.747421
DOV.N,2022-07-01,3.154,3.092855
DOV.N,2022-04-01,4.012,2.325202
DOV.N,2022-01-01,6.583,1.515266
DOV.N,2021-10-01,7.02,1.527139
FSLR.OQ,2022-07-01,-366.364,3.747421
FSLR.OQ,2022-04-01,2.369,3.092855
FSLR.OQ,2022-01-01,15.819,2.325202
FSLR.OQ,2021-10-01,-28.699,1.515266
FSLR.OQ,2021-07-01,43.515,1.527139
MTB.N,2022-10-01,-12.581,3.747421
MTB.N,2022-07-01,-55.825,3.092855
MTB.N,2022-04-01,19.417,2.325202
MTB.N,2022-01-01,15.995,1.515266
MTB.N,2021-10-01,5.436,1.527139
FDX.N,2022-07-01,-33.091,3.747421
FDX.N,2022-04-01,0.124,3.092855
FDX.N,2022-01-01,-1.104,2.325202
FDX.N,2021-10-01,12.761,1.515266
FDX.N,2021-07-01,-11.086,1.527139
TROW.OQ,2022-10-01,2.666,3.747421
TROW.OQ,2022-07-01,-16.976,3.092855
TROW.OQ,2022-04-01,-4.734,2.325202
TROW.OQ,2022-01-01,1.058,1.515266
TROW.OQ,2021-10-01,-1.195,1.527139
JKHY.OQ,2022-10-01,4.211,3.747421
JKHY.OQ,2022-07-01,9.744,3.092855
JKHY.OQ,2022-04-01,9.256,2.325202
JKHY.OQ,2022-01-01,15.026,1.515266
JKHY.OQ,2021-10-01,4.422,1.527139
O.N,2022-10-01,10.429,3.747421
O.N,2022-07-01,-1.771,3.092855
O.N,2022-04-01,-19.595,2.325202
O.N,2022-01-01,-97.309,1.515266
O.N,2021-10-01,-14.644,1.527139
MLM.N,2022-10-01,1.384,3.747421
MLM.N,2022-07-01,5.888,3.092855
MLM.N,2022-04-01,-39.169,2.325202
MLM.N,2022-01-01,8.148,1.515266
MLM.N,2021-10-01,0.125,1.527139
PKI.N,2022-10-01,3.354,3.747421
PKI.N,2022-07-01,14.895,3.092855
PKI.N,2022-04-01,15.643,2.325202
PKI.N,2022-01-01,16.713,1.515266
PKI.N,2021-10-01,33.167,1.527139
L.N,,,3.747421
L.N,,,3.092855
L.N,,,2.325202
L.N,,,1.515266
L.N,,,1.527139
QCOM.OQ,2022-10-01,0.064,3.747421
QCOM.OQ,2022-07-01,3.286,3.092855
QCOM.OQ,2022-04-01,10.227,2.325202
QCOM.OQ,2022-01-01,7.349,1.515266
QCOM.OQ,2021-10-01,12.794,1.527139
IPG.N,2022-10-01,6.396,3.747421
IPG.N,2022-07-01,7.738,3.092855
IPG.N,2022-04-01,18.123,2.325202
IPG.N,2022-01-01,1.166,1.515266
IPG.N,2021-10-01,28.834,1.527139
PHM.N,2022-10-01,-4.491,3.747421
PHM.N,2022-07-01,3.873,3.092855
PHM.N,2022-04-01,6.92,2.325202
PHM.N,2022-01-01,8.817,1.515266
PHM.N,2021-10-01,1.563,1.527139
ANSS.OQ,2022-10-01,8.51,3.747421
ANSS.OQ,2022-07-01,10.487,3.092855
ANSS.OQ,2022-04-01,19.208,2.325202
ANSS.OQ,2022-01-01,3.742,1.515266
ANSS.OQ,2021-10-01,18.392,1.527139
ULTA.OQ,2022-07-01,14.002,3.747421
ULTA.OQ,2022-04-01,41.14,3.092855
ULTA.OQ,2022-01-01,18.054,2.325202
ULTA.OQ,2021-10-01,59.883,1.515266
ULTA.OQ,2021-07-01,77.908,1.527139
KO.N,2022-10-01,8.339,3.747421
KO.N,2022-07-01,4.703,3.092855
KO.N,2022-04-01,10.385,2.325202
KO.N,2022-01-01,9.404,1.515266
KO.N,2021-10-01,12.406,1.527139
FISV.OQ,2022-10-01,-3.979,3.747421
FISV.OQ,2022-07-01,0.19,3.092855
FISV.OQ,2022-04-01,3.564,2.325202
FISV.OQ,2022-01-01,0.88,1.515266
FISV.OQ,2021-10-01,1.343,1.527139
CSCO.OQ,2022-10-01,2.807,3.747421
CSCO.OQ,2022-07-01,1.7,3.092855
CSCO.OQ,2022-04-01,0.861,2.325202
CSCO.OQ,2022-01-01,3.919,1.515266
CSCO.OQ,2021-10-01,1.974,1.527139
WTW.OQ,2022-10-01,3.356,3.53384839524641
WTW.OQ,2022-07-01,1.035,2.94105014823835
WTW.OQ,2022-04-01,7.821,2.0884838984078
WTW.OQ,2022-01-01,3.229,1.38519634175986
WTW.OQ,2021-10-01,8.647,1.37666313148704
ANET.N,2022-10-01,19.857,3.747421
ANET.N,2022-07-01,18.378,3.092855
ANET.N,2022-04-01,3.795,2.325202
ANET.N,2022-01-01,11.968,1.515266
ANET.N,2021-10-01,8.58,1.527139
ES.N,2022-10-01,-1.536,3.747421
ES.N,2022-07-01,2.649,3.092855
ES.N,2022-04-01,8.696,2.325202
ES.N,2022-01-01,-2.032,1.515266
ES.N,2021-10-01,-3.006,1.527139
CTAS.OQ,2022-07-01,8.174,3.747421
CTAS.OQ,2022-07-01,5.072,3.092855
CTAS.OQ,2022-01-01,10.623,2.325202
CTAS.OQ,2021-10-01,4.162,1.515266
CTAS.OQ,2021-07-01,13.192,1.527139
GPN.N,2022-10-01,0.029,3.747421
GPN.N,2022-07-01,0.681,3.092855
GPN.N,2022-04-01,1.296,2.325202
GPN.N,2022-01-01,0.266,1.515266
GPN.N,2021-10-01,1.643,1.527139
RSG.N,2022-10-01,9.77,3.747421
RSG.N,2022-07-01,11.77,3.092855
RSG.N,2022-04-01,8.794,2.325202
RSG.N,2022-01-01,0.919,1.515266
RSG.N,2021-10-01,5.587,1.527139
MCK.N,2022-10-01,-0.459,3.747421
MCK.N,2022-07-01,10.377,3.092855
MCK.N,2022-04-01,-3.43,2.325202
MCK.N,2022-01-01,13.472,1.515266
MCK.N,2021-10-01,32.031,1.527139
HLT.N,2022-10-01,5.367,3.747421
HLT.N,2022-07-01,24.454,3.092855
HLT.N,2022-04-01,9.556,2.325202
HLT.N,2022-01-01,-3.334,1.515266
HLT.N,2021-10-01,-7.795,1.527139
NFLX.OQ,2022-10-01,45.738,3.747421
NFLX.OQ,2022-07-01,8.749,3.092855
NFLX.OQ,2022-04-01,21.993,2.325202
NFLX.OQ,2022-01-01,61.97,1.515266
NFLX.OQ,2021-10-01,24.519,1.527139
RF.N,2022-10-01,-4.684,3.747421
RF.N,2022-07-01,11.174,3.092855
RF.N,2022-04-01,16.14,2.325202
RF.N,2022-01-01,-11.788,1.515266
RF.N,2021-10-01,23.845,1.527139
WMT.N,2022-10-01,13.645,3.747421
WMT.N,2022-07-01,9.164,3.092855
WMT.N,2022-04-01,-12.279,2.325202
WMT.N,2022-01-01,2.134,1.515266
WMT.N,2021-10-01,3.347,1.527139
AMGN.OQ,2022-10-01,5.876,3.747421
AMGN.OQ,2022-07-01,5.757,3.092855
AMGN.OQ,2022-04-01,3.792,2.325202
AMGN.OQ,2022-01-01,6.895,1.515266
AMGN.OQ,2021-10-01,9.308,1.527139
KIM.N,2022-10-01,-51.145,
KIM.N,2022-07-01,-241.348,
KIM.N,2022-04-01,150.848,
KIM.N,2022-01-01,-17.271,
KIM.N,2021-10-01,792.157,
PXD.N,2022-10-01,0.489,3.747421
PXD.N,2022-07-01,6.998,3.092855
PXD.N,2022-04-01,10.601,2.325202
PXD.N,2022-01-01,12.12,1.515266
PXD.N,2021-10-01,6.319,1.527139
DG.N,2022-07-01,1.546,3.747421
DG.N,2022-04-01,4.243,3.092855
DG.N,2022-01-01,0.147,2.325202
DG.N,2021-10-01,3.373,1.515266
DG.N,2021-07-01,3.752,1.527139
XRAY.OQ,2022-10-01,22.419,3.747421
XRAY.OQ,2022-04-01,-6.53,3.092855
XRAY.OQ,2022-01-01,-3.405,2.325202
XRAY.OQ,2021-10-01,4.468,1.515266
XRAY.OQ,2021-07-01,9.283,1.527139
EQR.N,2022-10-01,148.555,3.747421
EQR.N,2022-07-01,102.749,3.092855
EQR.N,2022-04-01,-22.224,2.325202
EQR.N,2022-01-01,223.079,1.515266
EQR.N,2021-10-01,206.209,1.527139
URI.N,2022-10-01,2.259,3.747421
URI.N,2022-07-01,21.671,3.092855
URI.N,2022-04-01,14.715,2.325202
URI.N,2022-01-01,9.944,1.515266
URI.N,2021-10-01,-3.242,1.527139
TDG.N,2022-10-01,5.76,3.747421
TDG.N,2022-07-01,10.587,3.092855
TDG.N,2022-04-01,4.391,2.325202
TDG.N,2022-01-01,-4.459,1.515266
TDG.N,2021-10-01,14.729,1.527139
CNC.N,2022-10-01,4.918,3.747421
CNC.N,2022-07-01,11.126,3.092855
CNC.N,2022-04-01,8.64,2.325202
CNC.N,2022-01-01,2.349,1.515266
CNC.N,2021-10-01,0.719,1.527139
NKE.N,2022-07-01,1.044,3.747421
NKE.N,2022-04-01,11.79,3.092855
NKE.N,2022-01-01,22.246,2.325202
NKE.N,2021-10-01,31.888,1.515266
NKE.N,2021-07-01,4.121,1.527139
AES.N,2022-07-01,8.349,3.747421
AES.N,2022-04-01,-23.797,3.092855
AES.N,2022-01-01,3.617,2.325202
AES.N,2021-10-01,15.274,1.515266
AES.N,2021-07-01,7.307,1.527139
ELV.N,2022-10-01,5.345,3.747421
ELV.N,2022-07-01,3.87,3.092855
ELV.N,2022-04-01,5.589,2.325202
ELV.N,2022-01-01,0.533,1.515266
ELV.N,2021-10-01,6.581,1.527139
GWW.N,2022-10-01,14.043,3.747421
GWW.N,2022-07-01,8.134,3.092855
GWW.N,2022-04-01,15.57,2.325202
GWW.N,2022-01-01,3.755,1.515266
GWW.N,2021-10-01,6.616,1.527139
K.N,2022-10-01,3.048,3.747421
K.N,2022-07-01,12.412,3.092855
K.N,2022-04-01,18.306,2.325202
K.N,2022-01-01,5.259,1.515266
K.N,2021-10-01,16.606,1.527139
GOOGL.OQ,2022-10-01,-15.143,3.747421
GOOGL.OQ,2022-07-01,-5.406,3.092855
GOOGL.OQ,2022-04-01,-4.307,2.325202
GOOGL.OQ,2022-01-01,12.235,1.515266
GOOGL.OQ,2021-10-01,19.211,1.527139
GM.N,2022-10-01,19.904,3.747421
GM.N,2022-07-01,-4.805,3.092855
GM.N,2022-04-01,25.132,2.325202
GM.N,2022-01-01,13.523,1.515266
GM.N,2021-10-01,58.399,1.527139
CCI.N,2022-10-01,0.125,3.747421
CCI.N,2022-07-01,1.226,3.092855
CCI.N,2022-04-01,2.679,2.325202
CCI.N,2022-01-01,4.472,1.515266
CCI.N,2021-10-01,6.142,1.527139
COF.N,2022-10-01,-16.696,3.747421
COF.N,2022-07-01,-2.523,3.092855
COF.N,2022-04-01,3.298,2.325202
COF.N,2022-01-01,2.126,1.515266
COF.N,2021-10-01,26.013,1.527139
ROP.N,2022-10-01,6.161,3.747421
ROP.N,2022-07-01,9.926,3.092855
ROP.N,2022-04-01,2.235,2.325202
ROP.N,2022-01-01,1.658,1.515266
ROP.N,2021-10-01,1.992,1.527139
C.N,2022-10-01,5.591,3.747421
C.N,2022-07-01,36.722,3.092855
C.N,2022-04-01,49.355,2.325202
C.N,2022-01-01,5.91,1.515266
C.N,2021-10-01,30.348,1.527139
ODFL.OQ,2022-10-01,9.274,3.747421
ODFL.OQ,2022-07-01,5.015,3.092855
ODFL.OQ,2022-04-01,8.691,2.325202
ODFL.OQ,2022-01-01,6.501,1.515266
ODFL.OQ,2021-10-01,4.137,1.527139
A.N,2022-07-01,11.748,3.747421
A.N,2022-04-01,0.874,3.092855
A.N,2022-01-01,2.866,2.325202
A.N,2021-10-01,2.985,1.515266
A.N,2021-07-01,10.902,1.527139
MOH.N,2022-10-01,3.551,3.747421
MOH.N,2022-07-01,5.951,3.092855
MOH.N,2022-04-01,5.186,2.325202
MOH.N,2022-01-01,4.789,1.515266
MOH.N,2021-10-01,1.378,1.527139
GS.N,2022-10-01,7.279,3.747421
GS.N,2022-07-01,17.524,3.092855
GS.N,2022-04-01,21.043,2.325202
GS.N,2022-01-01,-8.07,1.515266
GS.N,2021-10-01,46.724,1.527139
MET.N,2022-10-01,3.088,3.747421
MET.N,2022-07-01,37.893,3.092855
MET.N,2022-04-01,26.088,2.325202
MET.N,2022-01-01,47.572,1.515266
MET.N,2021-10-01,37.58,1.527139
WYNN.OQ,2022-10-01,-19.85,3.747421
WYNN.OQ,2022-07-01,19.701,3.092855
WYNN.OQ,2022-04-01,-5.01,2.325202
WYNN.OQ,2022-01-01,-9.959,1.515266
WYNN.OQ,2021-10-01,5.468,1.527139
PSA.N,2022-10-01,20.879,3.747421
PSA.N,2022-07-01,34.447,3.092855
PSA.N,2022-04-01,13.432,2.325202
PSA.N,2022-01-01,45.831,1.515266
PSA.N,2021-10-01,18.549,1.527139
CPT.N,2022-10-01,-22.857,3.747421
CPT.N,2022-07-01,725.455,3.092855
CPT.N,2022-04-01,-1.177,2.325202
CPT.N,2022-01-01,-20.216,1.515266
CPT.N,2021-10-01,-24.675,1.527139
MRNA.OQ,2022-10-01,-23.154,3.747421
MRNA.OQ,2022-07-01,15.204,3.092855
MRNA.OQ,2022-04-01,64.657,2.325202
MRNA.OQ,2022-01-01,14.04,1.515266
MRNA.OQ,2021-10-01,-14.909,1.527139
OGN.N,2022-10-01,20.732,3.747421
OGN.N,2022-07-01,8.069,3.092855
OGN.N,2022-04-01,27.086,2.325202
OGN.N,2022-01-01,10.484,1.515266
OGN.N,2021-10-01,15.731,1.527139
BK.N,2022-10-01,-3.426,3.747421
BK.N,2022-07-01,3.052,3.092855
BK.N,2022-04-01,10.329,2.325202
BK.N,2022-01-01,2.833,1.515266
BK.N,2021-10-01,3.405,1.527139
FAST.OQ,2022-10-01,3.359,3.747421
FAST.OQ,2022-07-01,0.371,3.092855
FAST.OQ,2022-04-01,5.327,2.325202
FAST.OQ,2022-01-01,6.295,1.515266
FAST.OQ,2021-10-01,1.055,1.527139
LDOS.N,2022-10-01,0.779,3.747421
LDOS.N,2022-07-01,1.737,3.092855
LDOS.N,2022-04-01,5.123,2.325202
LDOS.N,2022-01-01,-2.333,1.515266
LDOS.N,2021-10-01,11.18,1.527139
ORLY.OQ,2022-10-01,7.875,3.747421
ORLY.OQ,2022-07-01,-2.024,3.092855
ORLY.OQ,2022-04-01,-4.107,2.325202
ORLY.OQ,2022-01-01,26.23,1.515266
ORLY.OQ,2021-10-01,12.228,1.527139
CSX.OQ,2022-10-01,3.392,3.747421
CSX.OQ,2022-07-01,14.943,3.092855
CSX.OQ,2022-04-01,4.44,2.325202
CSX.OQ,2022-01-01,1.449,1.515266
CSX.OQ,2021-10-01,14.146,1.527139
CFG.N,2022-10-01,0.594,3.747421
CFG.N,2022-07-01,-19.7,3.092855
CFG.N,2022-04-01,1.261,2.325202
CFG.N,2022-01-01,3.414,1.515266
CFG.N,2021-10-01,1.699,1.527139
NI.N,2022-10-01,-11.739,3.747421
NI.N,2022-07-01,-1.961,3.092855
NI.N,2022-04-01,-3.278,2.325202
NI.N,2022-01-01,8.993,1.515266
NI.N,2021-10-01,16.23,1.527139
MO.N,2022-10-01,-1.823,3.747421
MO.N,2022-07-01,0.744,3.092855
MO.N,2022-04-01,2.478,2.325202
MO.N,2022-01-01,0.488,1.515266
MO.N,2021-10-01,-3.004,1.527139
DD.N,2022-10-01,3.388,3.747421
DD.N,2022-07-01,17.113,3.092855
DD.N,2022-04-01,22.939,2.325202
DD.N,2022-01-01,9.966,1.515266
DD.N,2021-10-01,3.124,1.527139
AEP.OQ,2022-10-01,3.7,3.747421
AEP.OQ,2022-07-01,0.925,3.092855
AEP.OQ,2022-04-01,2.041,2.325202
AEP.OQ,2022-01-01,4.925,1.515266
AEP.OQ,2021-10-01,-1.786,1.527139
HOLX.OQ,2022-10-01,31.227,3.747421
HOLX.OQ,2022-07-01,33.722,3.092855
HOLX.OQ,2022-04-01,29.672,2.325202
HOLX.OQ,2022-01-01,69.111,1.515266
HOLX.OQ,2021-10-01,59.844,1.527139
BBY.N,2022-07-01,21.392,3.747421
BBY.N,2022-04-01,-2.366,3.092855
BBY.N,2022-01-01,0.15,2.325202
BBY.N,2021-10-01,8.972,1.515266
BBY.N,2021-07-01,60.759,1.527139
LHX.N,2022-10-01,-3.841,3.747421
LHX.N,2022-07-01,1.723,3.092855
LHX.N,2022-04-01,2.366,2.325202
LHX.N,2022-01-01,1.096,1.515266
LHX.N,2021-10-01,0.838,1.527139
APA.OQ,2022-10-01,10.644,3.747421
APA.OQ,2022-07-01,1.595,3.092855
APA.OQ,2022-04-01,-10.004,2.325202
APA.OQ,2022-01-01,-12.014,1.515266
APA.OQ,2021-10-01,6.34,1.527139
IFF.N,2022-10-01,3.309,3.747421
IFF.N,2022-07-01,6.717,3.092855
IFF.N,2022-04-01,24.855,2.325202
IFF.N,2022-01-01,6.24,1.515266
IFF.N,2021-10-01,6.799,1.527139
CEG.OQ,2022-10-01,-180.509,3.747421
CEG.OQ,2022-07-01,-163.163,3.092855
CEG.OQ,2022-04-01,-54.155,
CEG.OQ,2022-01-01,-89.076,
CEG.OQ,2021-10-01,,
STT.N,2022-10-01,2.22,3.747421
STT.N,2022-07-01,12.37,3.092855
STT.N,2022-04-01,6.649,2.325202
STT.N,2022-01-01,6.214,1.515266
STT.N,2021-10-01,4.398,1.527139
JCI.N,2022-10-01,0.751,3.29282453331443
JCI.N,2022-07-01,-0.291,2.91936963920711
JCI.N,2022-04-01,-0.076,2.14571187856126
JCI.N,2022-01-01,1.494,1.29346942920754
JCI.N,2021-10-01,0.692,1.32963714211419
FE.N,2022-10-01,1.217,3.747421
FE.N,2022-07-01,1.825,3.092855
FE.N,2022-04-01,-2.367,2.325202
FE.N,2022-01-01,-1.148,1.515266
FE.N,2021-10-01,3.463,1.527139
PNC.N,2022-10-01,2.479,3.747421
PNC.N,2022-07-01,8.689,3.092855
PNC.N,2022-04-01,18.346,2.325202
PNC.N,2022-01-01,-9.562,1.515266
PNC.N,2021-10-01,2.98,1.527139
VZ.N,2022-10-01,2.67,3.747421
VZ.N,2022-07-01,-0.912,3.092855
VZ.N,2022-04-01,0.339,2.325202
VZ.N,2022-01-01,2.05,1.515266
VZ.N,2021-10-01,3.479,1.527139
NEM.N,2022-10-01,-24.242,3.747421
NEM.N,2022-07-01,-27.306,3.092855
NEM.N,2022-04-01,-3.074,2.325202
NEM.N,2022-01-01,1.844,1.515266
NEM.N,2021-10-01,-18.809,1.527139
ROL.N,2022-10-01,6.796,3.747421
ROL.N,2022-07-01,-2.344,3.092855
ROL.N,2022-04-01,5.263,2.325202
ROL.N,2022-01-01,-3.78,1.515266
ROL.N,2021-10-01,-6.634,1.527139
KEY.N,2022-10-01,-5.453,3.747421
KEY.N,2022-07-01,3.846,3.092855
KEY.N,2022-04-01,-7.987,2.325202
KEY.N,2022-01-01,12.875,1.515266
KEY.N,2021-10-01,16.04,1.527139
GIS.N,2022-07-01,10.73,3.747421
GIS.N,2022-04-01,10.872,3.092855
GIS.N,2022-01-01,7.521,2.325202
GIS.N,2021-10-01,-5.497,1.515266
GIS.N,2021-07-01,11.641,1.527139
CMCSA.OQ,2022-10-01,6.763,3.747421
CMCSA.OQ,2022-07-01,10.332,3.092855
CMCSA.OQ,2022-04-01,6.935,2.325202
CMCSA.OQ,2022-01-01,4.926,1.515266
CMCSA.OQ,2021-10-01,15.893,1.527139
PFE.N,2022-10-01,28.298,3.747421
PFE.N,2022-07-01,14.51,3.092855
PFE.N,2022-04-01,13.333,2.325202
PFE.N,2022-01-01,24.742,1.515266
PFE.N,2021-10-01,23.341,1.527139
EIX.N,2022-10-01,-2.789,3.747421
EIX.N,2022-07-01,1.889,3.092855
EIX.N,2022-04-01,35.14,2.325202
EIX.N,2022-01-01,11.381,1.515266
EIX.N,2021-10-01,-3.645,1.527139
NWS.OQ,2022-10-01,-20.619,3.747421
NWS.OQ,2022-07-01,469.231,3.092855
NWS.OQ,2022-04-01,10.345,2.325202
NWS.OQ,2022-01-01,43.169,1.515266
NWS.OQ,2021-10-01,67.675,1.527139
MU.OQ,2022-07-01,11.671,3.747421
MU.OQ,2022-04-01,6.451,3.092855
MU.OQ,2022-01-01,8.833,2.325202
MU.OQ,2021-10-01,2.486,1.515266
MU.OQ,2021-07-01,3.672,1.527139
UPS.N,2022-10-01,5.16,3.747421
UPS.N,2022-07-01,4.206,3.092855
UPS.N,2022-04-01,5.774,2.325202
UPS.N,2022-01-01,15.733,1.515266
UPS.N,2021-10-01,6.468,1.527139
TYL.N,2022-10-01,10.935,3.747421
TYL.N,2022-07-01,3.084,3.092855
TYL.N,2022-04-01,11.38,2.325202
TYL.N,2022-01-01,0.464,1.515266
TYL.N,2021-10-01,14.361,1.527139
UNP.N,2022-10-01,4.366,3.747421
UNP.N,2022-07-01,2.587,3.092855
UNP.N,2022-04-01,0.529,2.325202
UNP.N,2022-01-01,1.859,1.515266
UNP.N,2021-10-01,3.157,1.527139
BAC.N,2022-10-01,4.815,3.747421
BAC.N,2022-07-01,4.472,3.092855
BAC.N,2022-04-01,6.878,2.325202
BAC.N,2022-01-01,7.843,1.515266
BAC.N,2021-10-01,19.734,1.527139
KMX.N,2022-07-01,-43.166,3.747421
KMX.N,2022-04-01,4.64,3.092855
KMX.N,2022-04-01,-21.648,2.325202
KMX.N,2021-10-01,13.013,1.515266
KMX.N,2021-07-01,-9.275,1.527139
PARA.OQ,2022-10-01,-10.252,3.747421
PARA.OQ,2022-07-01,5.64,3.092855
PARA.OQ,2022-04-01,16.732,2.325202
PARA.OQ,2022-01-01,-38.979,1.515266
PARA.OQ,2021-10-01,0.391,1.527139
IP.N,2022-10-01,-16.227,3.747421
IP.N,2022-07-01,15.213,3.092855
IP.N,2022-04-01,47.573,2.325202
IP.N,2022-01-01,-12.253,1.515266
IP.N,2021-10-01,-7.222,1.527139
MDT.N,2022-10-01,1.801,3.29282453331443
MDT.N,2022-07-01,0.815,2.91936963920711
MDT.N,2022-04-01,-2.832,2.14571187856126
MDT.N,2022-01-01,0.466,1.29346942920754
MDT.N,2021-10-01,2.347,1.32963714211419
MMM.N,2022-10-01,3.439,3.747421
MMM.N,2022-07-01,2.636,3.092855
MMM.N,2022-04-01,14.705,2.325202
MMM.N,2022-01-01,14.844,1.515266
MMM.N,2021-10-01,11.117,1.527139
CZR.OQ,2022-10-01,65.941,3.747421
CZR.OQ,2022-07-01,-433.061,3.092855
CZR.OQ,2022-04-01,-43.807,2.325202
CZR.OQ,2022-01-01,-120.307,1.515266
CZR.OQ,2021-10-01,-695.786,1.527139
INTU.OQ,2022-10-01,35.644,3.747421
INTU.OQ,2022-07-01,11.973,3.092855
INTU.OQ,2022-04-01,0.947,2.325202
INTU.OQ,2022-01-01,-16.296,1.515266
INTU.OQ,2021-10-01,57.263,1.527139
OKE.N,2022-07-01,6.288,3.747421
OKE.N,2022-04-01,-2.09,3.092855
OKE.N,2022-01-01,-4.03,2.325202
OKE.N,2021-10-01,7.225,1.515266
OKE.N,2021-07-01,2.885,1.527139
ADP.OQ,2022-10-01,3.621,3.747421
ADP.OQ,2022-07-01,2.69,3.092855
ADP.OQ,2022-04-01,6.211,2.325202
ADP.OQ,2022-01-01,1.312,1.515266
ADP.OQ,2021-10-01,10.901,1.527139
EQIX.OQ,2022-10-01,29.019,3.747421
EQIX.OQ,2022-07-01,31.387,3.092855
EQIX.OQ,2022-04-01,-1.881,2.325202
EQIX.OQ,2022-01-01,-3.279,1.515266
EQIX.OQ,2021-10-01,6.684,1.527139
CHD.N,2022-10-01,16.536,3.747421
CHD.N,2022-07-01,5.841,3.092855
CHD.N,2022-04-01,8.104,2.325202
CHD.N,2022-01-01,6.371,1.515266
CHD.N,2021-10-01,13.065,1.527139
MTD.N,2022-10-01,3.519,3.747421
MTD.N,2022-07-01,7.232,3.092855
MTD.N,2022-04-01,8.627,2.325202
MTD.N,2022-01-01,4.488,1.515266
MTD.N,2021-10-01,5.832,1.527139
KDP.OQ,2022-10-01,0.128,3.747421
KDP.OQ,2022-07-01,-0.143,3.092855
KDP.OQ,2022-04-01,0.509,2.325202
KDP.OQ,2022-01-01,-0.124,1.515266
KDP.OQ,2021-10-01,-0.089,1.527139
EBAY.OQ,2022-10-01,7.812,3.747421
EBAY.OQ,2022-07-01,10.938,3.092855
EBAY.OQ,2022-04-01,1.748,2.325202
EBAY.OQ,2022-01-01,5.671,1.515266
EBAY.OQ,2021-10-01,1.556,1.527139
PEG.N,2022-10-01,3.134,3.747421
PEG.N,2022-07-01,-0.567,3.092855
PEG.N,2022-04-01,18.736,2.325202
PEG.N,2022-01-01,3.798,1.515266
PEG.N,2021-10-01,6.161,1.527139
BIIB.OQ,2022-10-01,15.317,3.747421
BIIB.OQ,2022-07-01,29.198,3.092855
BIIB.OQ,2022-04-01,0.028,2.325202
BIIB.OQ,2022-01-01,0.312,1.515266
BIIB.OQ,2021-10-01,16.731,1.527139
CTSH.OQ,2022-10-01,1.055,3.747421
CTSH.OQ,2022-07-01,5.243,3.092855
CTSH.OQ,2022-04-01,4.025,2.325202
CTSH.OQ,2022-01-01,5.684,1.515266
CTSH.OQ,2021-10-01,1.269,1.527139
ALB.N,2022-10-01,7.332,3.747421
ALB.N,2022-07-01,5.853,3.092855
ALB.N,2022-04-01,45.694,2.325202
ALB.N,2022-01-01,1.802,1.515266
ALB.N,2021-10-01,36.897,1.527139
TRGP.N,2022-10-01,-29.787,3.747421
TRGP.N,2022-07-01,31.922,3.092855
TRGP.N,2022-04-01,-93.009,2.325202
TRGP.N,2022-01-01,-22.383,1.515266
TRGP.N,2021-10-01,24.606,1.527139
NCLH.N,2022-07-01,-32.777,3.747421
NCLH.N,2022-04-01,-18.954,3.092855
NCLH.N,2022-01-01,-21.757,2.325202
NCLH.N,2021-10-01,-4.036,1.515266
NCLH.N,2021-07-01,2.044,1.527139
UDR.N,2022-10-01,-16.953,3.747421
UDR.N,2022-07-01,-84.782,3.092855
UDR.N,2022-04-01,23.077,2.325202
UDR.N,2022-01-01,401.695,1.515266
UDR.N,2021-10-01,71.429,1.527139
DGX.N,2022-10-01,7.605,3.747421
DGX.N,2022-07-01,2.964,3.092855
DGX.N,2022-04-01,8.238,2.325202
DGX.N,2022-01-01,4.601,1.515266
DGX.N,2021-10-01,37.717,1.527139
CBOE.Z,2022-10-01,6.525,3.747421
CBOE.Z,2022-07-01,-1.247,3.092855
CBOE.Z,2022-04-01,3.16,2.325202
CBOE.Z,2022-01-01,11.296,1.515266
CBOE.Z,2021-10-01,1.045,1.527139
ETSY.OQ,2022-10-01,-2190.879,3.747421
ETSY.OQ,2022-07-01,63.894,3.092855
ETSY.OQ,2022-04-01,0.72,2.325202
ETSY.OQ,2022-01-01,39.825,1.515266
ETSY.OQ,2021-10-01,14.832,1.527139
HIG.N,2022-10-01,15.972,3.747421
HIG.N,2022-07-01,41.801,3.092855
HIG.N,2022-04-01,7.536,2.325202
HIG.N,2022-01-01,32.474,1.515266
HIG.N,2021-10-01,45.833,1.527139
ACGL.OQ,2022-10-01,65.681,3.75444593798901
ACGL.OQ,2022-07-01,23.266,3.18482030368815
ACGL.OQ,2022-04-01,3.781,2.39724997315868
ACGL.OQ,2022-01-01,27.167,1.59279685527803
ACGL.OQ,2021-10-01,107.965,1.5718659278273
NDSN.OQ,2022-10-01,4.806,3.747421
NDSN.OQ,2022-07-01,2.108,3.092855
NDSN.OQ,2022-04-01,6.178,2.325202
NDSN.OQ,2022-01-01,8.522,1.515266
NDSN.OQ,2021-10-01,-10.263,1.527139
VRSK.OQ,2022-07-01,8.487,3.747421
VRSK.OQ,2022-04-01,-3.624,3.092855
VRSK.OQ,2022-01-01,4.303,2.325202
VRSK.OQ,2021-10-01,5.789,1.515266
VRSK.OQ,2021-07-01,-11.743,1.527139
AMT.N,2022-10-01,59.387,3.747421
AMT.N,2022-07-01,103.407,3.092855
AMT.N,2022-04-01,39.419,2.325202
AMT.N,2022-01-01,-13.562,1.515266
AMT.N,2021-10-01,31.74,1.527139
PYPL.OQ,2022-10-01,12.713,3.747421
PYPL.OQ,2022-07-01,8.209,3.092855
PYPL.OQ,2022-04-01,0.316,2.325202
PYPL.OQ,2022-01-01,-1.078,1.515266
PYPL.OQ,2021-10-01,3.502,1.527139
CAG.N,2022-10-01,9.12,3.747421
CAG.N,2022-07-01,2.827,3.092855
CAG.N,2022-04-01,0.497,2.325202
CAG.N,2022-01-01,-5.531,1.515266
CAG.N,2021-10-01,2.965,1.527139
UHS.N,2022-07-01,-6.373,3.747421
UHS.N,2022-04-01,-12.502,3.092855
UHS.N,2022-01-01,2.812,2.325202
UHS.N,2021-10-01,-2.827,1.515266
UHS.N,2021-07-01,39.444,1.527139
TFX.N,2022-10-01,4.993,3.747421
TFX.N,2022-07-01,1.296,3.092855
TFX.N,2022-04-01,4.849,2.325202
TFX.N,2022-01-01,1.925,1.515266
TFX.N,2021-10-01,15.956,1.527139
SYF.N,2022-10-01,6.774,3.747421
SYF.N,2022-07-01,12.202,3.092855
SYF.N,2022-04-01,15.081,2.325202
SYF.N,2022-01-01,-0.327,1.515266
SYF.N,2021-10-01,32.393,1.527139
WAT.N,2022-10-01,2.711,3.747421
WAT.N,2022-07-01,3.48,3.092855
WAT.N,2022-04-01,20.447,2.325202
WAT.N,2022-01-01,5.682,1.515266
WAT.N,2021-10-01,13.099,1.527139
INCY.OQ,2022-10-01,-16.143,3.747421
INCY.OQ,2022-07-01,33.187,3.092855
INCY.OQ,2022-04-01,-18.451,2.325202
INCY.OQ,2022-01-01,-88.446,1.515266
INCY.OQ,2021-10-01,58.389,1.527139
LRCX.OQ,2022-10-01,9.278,3.747421
LRCX.OQ,2022-07-01,20.568,3.092855
LRCX.OQ,2022-04-01,-1.512,2.325202
LRCX.OQ,2022-01-01,0.184,1.515266
LRCX.OQ,2021-10-01,1.789,1.527139
IDXX.OQ,2022-10-01,5.382,3.747421
IDXX.OQ,2022-07-01,0.128,3.092855
IDXX.OQ,2022-04-01,0.591,2.325202
IDXX.OQ,2022-01-01,10.607,1.515266
IDXX.OQ,2021-10-01,6.352,1.527139
PPG.N,2022-10-01,0.878,3.747421
PPG.N,2022-07-01,4.351,3.092855
PPG.N,2022-04-01,22.913,2.325202
PPG.N,2022-01-01,7.803,1.515266
PPG.N,2021-10-01,7.186,1.527139
LKQ.OQ,2022-10-01,0.874,3.747421
LKQ.OQ,2022-07-01,6.581,3.092855
LKQ.OQ,2022-04-01,8.291,2.325202
LKQ.OQ,2022-01-01,12.455,1.515266
LKQ.OQ,2021-10-01,18.354,1.527139
HES.N,2022-10-01,1.126,3.747421
HES.N,2022-07-01,0.431,3.092855
HES.N,2022-04-01,14.867,2.325202
HES.N,2022-01-01,17.719,1.515266
HES.N,2021-10-01,21.422,1.527139
EOG.N,2022-10-01,-0.46,3.747421
EOG.N,2022-07-01,4.249,3.092855
EOG.N,2022-04-01,7.6,2.325202
EOG.N,2022-01-01,-3.154,1.515266
EOG.N,2021-10-01,5.796,1.527139
MAR.OQ,2022-10-01,0.487,3.747421
MAR.OQ,2022-07-01,15.485,3.092855
MAR.OQ,2022-04-01,39.427,2.325202
MAR.OQ,2022-01-01,31.0,1.515266
MAR.OQ,2021-10-01,0.576,1.527139
TJX.N,2022-10-01,7.565,3.747421
TJX.N,2022-07-01,3.792,3.092855
TJX.N,2022-04-01,13.184,2.325202
TJX.N,2022-01-01,-14.22,1.515266
TJX.N,2021-10-01,4.225,1.527139
MNST.OQ,2022-07-01,-26.882,3.747421
MNST.OQ,2022-04-01,-9.407,3.092855
MNST.OQ,2022-01-01,-0.974,2.325202
MNST.OQ,2021-10-01,-5.791,1.515266
MNST.OQ,2021-07-01,10.829,1.527139
VMC.N,2022-10-01,4.565,3.747421
VMC.N,2022-07-01,-3.025,3.092855
VMC.N,2022-04-01,17.49,2.325202
VMC.N,2022-01-01,7.709,1.515266
VMC.N,2021-10-01,-6.842,1.527139
EW.N,2022-10-01,-2.025,3.747421
EW.N,2022-07-01,-1.701,3.092855
EW.N,2022-04-01,4.617,2.325202
EW.N,2022-01-01,-6.943,1.515266
EW.N,2021-10-01,1.148,1.527139
SBNY.OQ,2022-10-01,2.911,3.747421
SBNY.OQ,2022-07-01,4.249,3.092855
SBNY.OQ,2022-04-01,7.142,2.325202
SBNY.OQ,2022-01-01,9.983,1.515266
SBNY.OQ,2021-10-01,4.29,1.527139
FRC.N,2022-10-01,1.218,3.747421
FRC.N,2022-07-01,3.502,3.092855
FRC.N,2022-04-01,5.432,2.325202
FRC.N,2022-01-01,5.206,1.515266
FRC.N,2021-10-01,3.658,1.527139
ALL.N,2022-10-01,-2.895,3.747421
ALL.N,2022-07-01,40.034,3.092855
ALL.N,2022-04-01,-10.961,2.325202
ALL.N,2022-01-01,-0.192,1.515266
ALL.N,2021-10-01,-56.357,1.527139
BMY.N,2022-10-01,8.84,3.747421
BMY.N,2022-07-01,7.874,3.092855
BMY.N,2022-04-01,7.793,2.325202
BMY.N,2022-01-01,1.903,1.515266
BMY.N,2021-10-01,4.23,1.527139
APH.N,2022-10-01,6.791,3.747421
APH.N,2022-07-01,11.024,3.092855
APH.N,2022-04-01,9.32,2.325202
APH.N,2022-01-01,10.334,1.515266
APH.N,2021-10-01,3.596,1.527139
HON.OQ,2022-10-01,4.355,3.747421
HON.OQ,2022-07-01,3.525,3.092855
HON.OQ,2022-04-01,2.661,2.325202
HON.OQ,2022-01-01,0.714,1.515266
HON.OQ,2021-10-01,1.292,1.527139
GPC.N,2022-10-01,8.896,3.747421
GPC.N,2022-07-01,8.252,3.092855
GPC.N,2022-04-01,11.078,2.325202
GPC.N,2022-01-01,11.875,1.515266
GPC.N,2021-10-01,14.844,1.527139
MHK.N,2022-10-01,-0.292,3.747421
MHK.N,2022-07-01,2.821,3.092855
MHK.N,2022-04-01,30.157,2.325202
MHK.N,2022-01-01,2.922,1.515266
MHK.N,2021-10-01,3.745,1.527139
MCHP.OQ,2022-10-01,1.23,3.747421
MCHP.OQ,2022-07-01,1.904,3.092855
MCHP.OQ,2022-04-01,7.681,2.325202
MCHP.OQ,2022-01-01,2.323,1.515266
MCHP.OQ,2021-10-01,0.916,1.527139
CAT.N,2022-10-01,25.042,3.747421
CAT.N,2022-07-01,5.649,3.092855
CAT.N,2022-04-01,10.777,2.325202
CAT.N,2022-01-01,19.092,1.515266
CAT.N,2021-10-01,20.682,1.527139
PG.N,2022-10-01,1.824,3.747421
PG.N,2022-07-01,-1.005,3.092855
PG.N,2022-04-01,2.79,2.325202
PG.N,2022-01-01,0.401,1.515266
PG.N,2021-10-01,1.218,1.527139
ZTS.N,2022-10-01,-2.07,3.747421
ZTS.N,2022-07-01,-1.505,3.092855
ZTS.N,2022-04-01,7.08,2.325202
ZTS.N,2022-01-01,4.15,1.515266
ZTS.N,2021-10-01,13.193,1.527139
STE.N,2022-10-01,0.302,3.29282453331443
STE.N,2022-07-01,-0.792,2.91936963920711
STE.N,2022-04-01,0.88,2.14571187856126
STE.N,2022-01-01,8.053,1.29346942920754
STE.N,2021-10-01,9.341,1.32963714211419
BKR.OQ,2022-10-01,6.536,3.747421
BKR.OQ,2022-07-01,-50.032,3.092855
BKR.OQ,2022-04-01,-23.246,2.325202
BKR.OQ,2022-01-01,-10.714,1.515266
BKR.OQ,2021-10-01,-24.471,1.527139
AFL.N,2022-10-01,-5.314,3.747421
AFL.N,2022-07-01,13.7,3.092855
AFL.N,2022-04-01,3.807,2.325202
AFL.N,2022-01-01,0.975,1.515266
AFL.N,2021-10-01,15.965,1.527139
CPB.N,2022-07-01,0.079,3.747421
CPB.N,2022-04-01,14.064,3.092855
CPB.N,2022-01-01,0.182,2.325202
CPB.N,2021-10-01,9.78,1.515266
CPB.N,2021-07-01,15.486,1.527139
PTC.OQ,2022-10-01,10.215,3.747421
PTC.OQ,2022-07-01,-8.104,3.092855
PTC.OQ,2022-04-01,22.183,2.325202
PTC.OQ,2022-01-01,-9.374,1.515266
PTC.OQ,2021-10-01,60.603,1.527139
FITB.OQ,2022-10-01,-6.908,3.747421
FITB.OQ,2022-07-01,-12.776,3.092855
FITB.OQ,2022-04-01,-1.935,2.325202
FITB.OQ,2022-01-01,0.981,1.515266
FITB.OQ,2021-10-01,-3.173,1.527139
MSI.N,2022-10-01,4.193,3.747421
MSI.N,2022-07-01,10.668,3.092855
MSI.N,2022-04-01,5.769,2.325202
MSI.N,2022-01-01,4.102,1.515266
MSI.N,2021-10-01,10.57,1.527139
XEL.OQ,2022-10-01,-3.3,3.747421
XEL.OQ,2022-07-01,-0.392,3.092855
XEL.OQ,2022-04-01,3.023,2.325202
XEL.OQ,2022-01-01,0.55,1.515266
XEL.OQ,2021-10-01,-4.275,1.527139
HSIC.OQ,2022-10-01,-4.056,3.747421
HSIC.OQ,2022-07-01,-0.007,3.092855
HSIC.OQ,2022-04-01,9.42,2.325202
HSIC.OQ,2022-01-01,17.982,1.515266
HSIC.OQ,2021-10-01,15.901,1.527139
ITW.N,2022-10-01,4.388,3.747421
ITW.N,2022-07-01,7.562,3.092855
ITW.N,2022-04-01,2.171,2.325202
ITW.N,2022-01-01,2.451,1.515266
ITW.N,2021-10-01,-2.492,1.527139
WST.N,2022-10-01,-4.245,3.747421
WST.N,2022-07-01,11.596,3.092855
WST.N,2022-04-01,8.32,2.325202
WST.N,2022-01-01,6.527,1.515266
WST.N,2021-10-01,14.657,1.527139
ALK.N,2022-10-01,5.744,3.747421
ALK.N,2022-07-01,11.409,3.092855
ALK.N,2022-04-01,11.582,2.325202
ALK.N,2022-01-01,7.556,1.515266
ALK.N,2021-10-01,13.501,1.527139
DFS.N,2022-10-01,-4.924,3.747421
DFS.N,2022-07-01,4.628,3.092855
DFS.N,2022-04-01,16.657,2.325202
DFS.N,2022-01-01,-1.275,1.515266
DFS.N,2021-10-01,0.285,1.527139
APTV.N,2022-10-01,28.748,3.29282453331443
APTV.N,2022-07-01,-62.021,2.91936963920711
APTV.N,2022-04-01,3.313,2.14571187856126
APTV.N,2022-01-01,1.125,1.29346942920754
APTV.N,2021-10-01,2.126,1.32963714211419
MPC.N,2022-10-01,10.498,3.747421
MPC.N,2022-07-01,31.886,3.092855
MPC.N,2022-04-01,34.769,2.325202
MPC.N,2022-01-01,134.036,1.515266
MPC.N,2021-10-01,3.373,1.527139
PGR.N,2022-10-01,-44.706,3.747421
PGR.N,2022-07-01,15.143,3.092855
PGR.N,2022-04-01,-4.643,2.325202
PGR.N,2022-01-01,-9.639,1.515266
PGR.N,2021-10-01,-33.784,1.527139
ZION.OQ,2022-10-01,-11.218,3.747421
ZION.OQ,2022-07-01,-4.31,3.092855
ZION.OQ,2022-04-01,10.166,2.325202
ZION.OQ,2022-01-01,2.301,1.515266
ZION.OQ,2021-10-01,7.767,1.527139
ICE.N,2022-10-01,3.387,3.747421
ICE.N,2022-07-01,4.197,3.092855
ICE.N,2022-04-01,0.657,2.325202
ICE.N,2022-01-01,1.587,1.515266
ICE.N,2021-10-01,6.308,1.527139
KMB.N,2022-10-01,-3.076,3.747421
KMB.N,2022-07-01,1.708,3.092855
KMB.N,2022-04-01,10.079,2.325202
KMB.N,2022-01-01,4.865,1.515266
KMB.N,2021-10-01,-1.855,1.527139
SWKS.OQ,2022-10-01,4.16,3.747421
SWKS.OQ,2022-07-01,3.674,3.092855
SWKS.OQ,2022-04-01,0.01,2.325202
SWKS.OQ,2022-01-01,1.275,1.515266
SWKS.OQ,2021-10-01,3.448,1.527139
EL.N,2022-10-01,4.712,3.747421
EL.N,2022-07-01,28.913,3.092855
EL.N,2022-04-01,13.544,2.325202
EL.N,2022-01-01,14.133,1.515266
EL.N,2021-10-01,11.286,1.527139
TSLA.OQ,2022-10-01,5.701,3.747421
TSLA.OQ,2022-07-01,25.111,3.092855
TSLA.OQ,2022-04-01,42.561,2.325202
TSLA.OQ,2022-01-01,7.145,1.515266
TSLA.OQ,2021-10-01,16.678,1.527139
EXR.N,2022-10-01,3.665,3.747421
EXR.N,2022-07-01,11.66,3.092855
EXR.N,2022-04-01,11.645,2.325202
EXR.N,2022-01-01,43.241,1.515266
EXR.N,2021-10-01,14.911,1.527139
SPGI.N,2022-10-01,4.852,3.747421
SPGI.N,2022-07-01,-4.265,3.092855
SPGI.N,2022-04-01,-3.156,2.325202
SPGI.N,2022-01-01,0.559,1.515266
SPGI.N,2021-10-01,12.502,1.527139
ADBE.OQ,2022-07-01,1.985,3.747421
ADBE.OQ,2022-04-01,1.231,3.092855
ADBE.OQ,2022-01-01,0.791,2.325202
ADBE.OQ,2021-10-01,0.089,1.515266
ADBE.OQ,2021-07-01,3.272,1.527139
ADSK.OQ,2022-10-01,-0.071,3.747421
ADSK.OQ,2022-07-01,4.85,3.092855
ADSK.OQ,2022-04-01,6.611,2.325202
ADSK.OQ,2022-01-01,4.304,1.515266
ADSK.OQ,2021-10-01,6.052,1.527139
WRK.N,2022-10-01,1.054,3.747421
WRK.N,2022-07-01,4.099,3.092855
WRK.N,2022-04-01,15.23,2.325202
WRK.N,2022-01-01,2.081,1.515266
WRK.N,2021-10-01,7.808,1.527139
WHR.N,2022-10-01,-15.949,3.747421
WHR.N,2022-07-01,13.885,3.092855
WHR.N,2022-04-01,-0.959,2.325202
WHR.N,2022-01-01,4.27,1.515266
WHR.N,2021-10-01,9.227,1.527139
FOXA.OQ,2022-10-01,5.878,3.747421
FOXA.OQ,2022-07-01,-1.915,3.092855
FOXA.OQ,2022-04-01,-7.735,2.325202
FOXA.OQ,2022-01-01,295.738,1.515266
FOXA.OQ,2021-10-01,7.441,1.527139
TT.N,2022-10-01,7.151,3.29282453331443
TT.N,2022-07-01,2.818,2.91936963920711
TT.N,2022-04-01,13.355,2.14571187856126
TT.N,2022-01-01,3.458,1.29346942920754
TT.N,2021-10-01,-2.373,1.32963714211419
TSN.N,2022-10-01,-5.699,3.747421
TSN.N,2022-07-01,-1.917,3.092855
TSN.N,2022-04-01,20.01,2.325202
TSN.N,2022-01-01,50.83,1.515266
TSN.N,2021-10-01,13.44,1.527139
AKAM.OQ,2022-10-01,3.01,3.747421
AKAM.OQ,2022-07-01,3.385,3.092855
AKAM.OQ,2022-04-01,-2.121,2.325202
AKAM.OQ,2022-01-01,5.025,1.515266
AKAM.OQ,2021-10-01,4.633,1.527139
LUV.N,2022-10-01,18.005,3.747421
LUV.N,2022-07-01,9.705,3.092855
LUV.N,2022-04-01,-5.121,2.325202
LUV.N,2022-01-01,106.064,1.515266
LUV.N,2021-10-01,15.788,1.527139
INVH.N,2022-10-01,-16.129,3.747421
INVH.N,2022-07-01,18.25,3.092855
INVH.N,2022-04-01,5.263,2.325202
INVH.N,2022-01-01,-3.03,1.515266
INVH.N,2021-10-01,24.675,1.527139
TSCO.OQ,2022-10-01,1.28,3.747421
TSCO.OQ,2022-07-01,0.654,3.092855
TSCO.OQ,2022-04-01,16.586,2.325202
TSCO.OQ,2022-01-01,4.342,1.515266
TSCO.OQ,2021-10-01,17.583,1.527139
AON.N,2022-10-01,1.268,3.29282453331443
AON.N,2022-07-01,2.882,2.91936963920711
AON.N,2022-04-01,0.381,2.14571187856126
AON.N,2022-01-01,10.766,1.29346942920754
AON.N,2021-10-01,2.095,1.32963714211419
AMZN.OQ,2022-10-01,-21.077,3.747421
AMZN.OQ,2022-07-01,24.897,3.092855
AMZN.OQ,2022-04-01,-11.698,2.325202
AMZN.OQ,2022-01-01,62.481,1.515266
AMZN.OQ,2021-10-01,-31.385,1.527139
MS.N,2022-10-01,-1.094,3.747421
MS.N,2022-07-01,-9.195,3.092855
MS.N,2022-04-01,19.896,2.325202
MS.N,2022-01-01,5.241,1.515266
MS.N,2021-10-01,17.535,1.527139
BRKb.N,2022-07-01,26.553,3.747421
BRKb.N,2022-04-01,13.571,3.092855
BRKb.N,2022-01-01,13.411,2.325202
BRKb.N,2021-10-01,-3.906,1.515266
BRKb.N,2021-07-01,12.692,1.527139
GOOG.OQ,2022-10-01,-15.09,3.747421
GOOG.OQ,2022-07-01,-6.581,3.092855
GOOG.OQ,2022-04-01,-4.84,2.325202
GOOG.OQ,2022-01-01,11.551,1.515266
GOOG.OQ,2021-10-01,19.244,1.527139
KR.N,2022-07-01,8.889,3.747421
KR.N,2022-04-01,11.759,3.092855
KR.N,2022-01-01,23.541,2.325202
KR.N,2021-10-01,17.674,1.515266
KR.N,2021-07-01,24.568,1.527139
BKNG.OQ,2022-10-01,6.236,3.747421
BKNG.OQ,2022-07-01,9.13,3.092855
BKNG.OQ,2022-04-01,334.783,2.325202
BKNG.OQ,2022-01-01,16.052,1.515266
BKNG.OQ,2021-10-01,14.601,1.527139
STZ.N,2022-10-01,12.824,3.747421
STZ.N,2022-04-01,5.892,3.092855
STZ.N,2022-04-01,12.632,2.325202
STZ.N,2022-01-01,12.918,1.515266
STZ.N,2021-10-01,-14.105,1.527139
WBD.OQ,2022-10-01,-353.461,3.747421
WBD.OQ,2022-07-01,3784.211,3.092855
WBD.OQ,2022-04-01,1625.0,2.325202
WBD.OQ,2022-01-01,-90.344,1.515266
WBD.OQ,2021-10-01,-40.909,1.527139
ABBV.N,2022-10-01,2.429,3.747421
ABBV.N,2022-07-01,1.686,3.092855
ABBV.N,2022-04-01,3.131,2.325202
ABBV.N,2022-01-01,0.738,1.515266
ABBV.N,2021-10-01,3.323,1.527139
STLD.OQ,2022-10-01,7.203,3.747421
STLD.OQ,2022-07-01,11.258,3.092855
STLD.OQ,2022-04-01,6.339,2.325202
STLD.OQ,2022-01-01,0.998,1.515266
STLD.OQ,2021-10-01,4.061,1.527139
MA.N,2022-10-01,4.533,3.747421
MA.N,2022-07-01,8.574,3.092855
MA.N,2022-04-01,27.347,2.325202
MA.N,2022-01-01,6.369,1.515266
MA.N,2021-10-01,8.015,1.527139
XOM.N,2022-10-01,17.334,3.747421
XOM.N,2022-07-01,10.771,3.092855
XOM.N,2022-04-01,-2.467,2.325202
XOM.N,2022-01-01,5.8,1.515266
XOM.N,2021-10-01,1.373,1.527139
SWK.N,2022-10-01,8.031,3.747421
SWK.N,2022-07-01,-16.324,3.092855
SWK.N,2022-04-01,23.633,2.325202
SWK.N,2022-01-01,18.498,1.515266
SWK.N,2021-10-01,12.004,1.527139
HRL.N,2022-07-01,-2.224,3.747421
HRL.N,2022-04-01,2.345,3.092855
HRL.N,2022-01-01,0.728,2.325202
HRL.N,2021-10-01,2.307,1.515266
HRL.N,2021-07-01,-0.32,1.527139
INTC.OQ,2022-10-01,81.689,3.747421
INTC.OQ,2022-07-01,-58.305,3.092855
INTC.OQ,2022-04-01,8.013,2.325202
INTC.OQ,2022-01-01,20.364,1.515266
INTC.OQ,2021-10-01,54.467,1.527139
TRMB.OQ,2022-10-01,-0.139,3.747421
TRMB.OQ,2022-07-01,3.119,3.092855
TRMB.OQ,2022-04-01,8.148,2.325202
TRMB.OQ,2022-01-01,-0.922,1.515266
TRMB.OQ,2021-10-01,11.038,1.527139
WBA.OQ,2022-10-01,3.825,3.747421
WBA.OQ,2022-04-01,4.039,3.092855
WBA.OQ,2022-01-01,13.891,2.325202
WBA.OQ,2022-01-01,26.56,1.515266
WBA.OQ,2021-10-01,14.875,1.527139
OMC.N,2022-10-01,5.263,3.747421
OMC.N,2022-07-01,6.955,3.092855
OMC.N,2022-04-01,6.246,2.325202
OMC.N,2022-01-01,12.645,1.515266
OMC.N,2021-10-01,21.574,1.527139
GLW.N,2022-10-01,-0.26,3.747421
GLW.N,2022-07-01,0.96,3.092855
GLW.N,2022-04-01,8.779,2.325202
GLW.N,2022-01-01,4.016,1.515266
GLW.N,2021-10-01,-2.869,1.527139
CRM.N,2022-07-01,16.533,3.747421
CRM.N,2022-04-01,4.666,3.092855
CRM.N,2022-01-01,13.696,2.325202
CRM.N,2021-10-01,37.996,1.515266
CRM.N,2021-07-01,61.319,1.527139
SBUX.OQ,2022-10-01,12.195,3.747421
SBUX.OQ,2022-07-01,11.576,3.092855
SBUX.OQ,2022-04-01,-0.546,2.325202
SBUX.OQ,2022-01-01,-9.615,1.515266
SBUX.OQ,2021-10-01,0.779,1.527139
ATO.N,2022-10-01,18.124,3.747421
ATO.N,2022-07-01,8.833,3.092855
ATO.N,2022-04-01,0.778,2.325202
ATO.N,2022-01-01,0.541,1.515266
ATO.N,2021-10-01,7.976,1.527139
ETR.N,2022-10-01,6.776,3.747421
ETR.N,2022-07-01,26.889,3.092855
ETR.N,2022-04-01,-1.583,2.325202
ETR.N,2022-01-01,8.738,1.515266
ETR.N,2021-10-01,0.125,1.527139
HAL.N,2022-10-01,6.784,3.747421
HAL.N,2022-07-01,9.588,3.092855
HAL.N,2022-04-01,1.851,2.325202
HAL.N,2022-01-01,5.758,1.515266
HAL.N,2021-10-01,1.704,1.527139
TFC.N,2022-10-01,0.333,3.747421
TFC.N,2022-07-01,3.851,3.092855
TFC.N,2022-04-01,11.633,2.325202
TFC.N,2022-01-01,9.649,1.515266
TFC.N,2021-10-01,17.679,1.527139
ATVI.OQ,2022-10-01,36.511,3.747421
ATVI.OQ,2022-07-01,-2.016,3.092855
ATVI.OQ,2022-04-01,-46.134,2.325202
ATVI.OQ,2022-01-01,-4.72,1.515266
ATVI.OQ,2021-10-01,3.09,1.527139
TAP.N,2022-10-01,-2.77,3.747421
TAP.N,2022-07-01,0.109,3.092855
TAP.N,2022-04-01,50.743,2.325202
TAP.N,2022-01-01,-5.402,1.515266
TAP.N,2021-10-01,14.66,1.527139
ABT.N,2022-10-01,21.809,3.747421
ABT.N,2022-07-01,26.848,3.092855
ABT.N,2022-04-01,18.085,2.325202
ABT.N,2022-01-01,9.447,1.515266
ABT.N,2021-10-01,48.117,1.527139
V.N,2022-10-01,3.526,3.747421
V.N,2022-07-01,13.379,3.092855
V.N,2022-04-01,8.789,2.325202
V.N,2022-01-01,6.317,1.515266
V.N,2021-10-01,5.047,1.527139
YUM.N,2022-10-01,-4.797,3.747421
YUM.N,2022-07-01,-3.817,3.092855
YUM.N,2022-04-01,-1.968,2.325202
YUM.N,2022-01-01,-6.746,1.515266
YUM.N,2021-10-01,12.754,1.527139
LYV.N,2022-10-01,35.083,3.747421
LYV.N,2022-07-01,28.997,3.092855
LYV.N,2022-04-01,50.673,2.325202
LYV.N,2022-01-01,-60.348,1.515266
LYV.N,2021-10-01,478.863,1.527139
JNPR.N,2022-10-01,15.877,3.747421
JNPR.N,2022-07-01,-5.817,3.092855
JNPR.N,2022-04-01,-2.026,2.325202
JNPR.N,2022-01-01,5.473,1.515266
JNPR.N,2021-10-01,0.327,1.527139
RE.N,2022-10-01,5.818,3.75444593798901
RE.N,2022-07-01,21.464,3.18482030368815
RE.N,2022-04-01,9.48,2.39724997315868
RE.N,2022-01-01,2.219,1.59279685527803
RE.N,2021-10-01,-26.586,1.5718659278273
FTNT.OQ,2022-10-01,20.795,3.747421
FTNT.OQ,2022-07-01,10.441,3.092855
FTNT.OQ,2022-04-01,18.279,2.325202
FTNT.OQ,2022-01-01,7.191,1.515266
FTNT.OQ,2021-10-01,5.535,1.527139
DTE.N,2022-10-01,1.433,3.747421
DTE.N,2022-07-01,-14.085,3.092855
DTE.N,2022-04-01,12.64,2.325202
DTE.N,2022-01-01,24.703,1.515266
DTE.N,2021-10-01,-5.454,1.527139
HST.OQ,2022-10-01,-6.667,3.747421
HST.OQ,2022-07-01,41.509,3.092855
HST.OQ,2022-04-01,509.524,2.325202
HST.OQ,2022-01-01,3159.143,1.515266
HST.OQ,2021-10-01,54.097,1.527139
IRM.N,2022-10-01,8.352,3.747421
IRM.N,2022-07-01,14.665,3.092855
IRM.N,2022-04-01,1.74,2.325202
IRM.N,2022-01-01,8.086,1.515266
IRM.N,2021-10-01,0.672,1.527139
PEAK.N,2022-10-01,497.701,
PEAK.N,2022-07-01,23.264,
PEAK.N,2022-04-01,30.0,
PEAK.N,2022-01-01,-40.681,
PEAK.N,2021-10-01,2.27,
FIS.N,2022-10-01,-0.611,3.747421
FIS.N,2022-07-01,0.924,3.092855
FIS.N,2022-04-01,1.08,2.325202
FIS.N,2022-01-01,1.242,1.515266
FIS.N,2021-10-01,2.905,1.527139
DAL.N,2022-10-01,-1.462,3.747421
DAL.N,2022-07-01,-16.584,3.092855
DAL.N,2022-04-01,3.083,2.325202
DAL.N,2022-01-01,59.686,1.515266
DAL.N,2021-10-01,79.889,1.527139
ROK.N,2022-10-01,2.229,3.747421
ROK.N,2022-07-01,11.908,3.092855
ROK.N,2022-04-01,-26.459,2.325202
ROK.N,2022-01-01,12.033,1.515266
ROK.N,2021-10-01,7.291,1.527139
DOW.N,2022-10-01,3.173,3.747421
DOW.N,2022-07-01,7.859,3.092855
DOW.N,2022-04-01,13.869,2.325202
DOW.N,2022-01-01,5.453,1.515266
DOW.N,2021-10-01,7.296,1.527139
PPL.N,2022-10-01,-2.728,3.747421
PPL.N,2022-07-01,1.379,3.092855
PPL.N,2022-04-01,4.8,2.325202
PPL.N,2022-01-01,-31.747,1.515266
PPL.N,2021-10-01,-5.445,1.527139
NTRS.OQ,2022-10-01,-1.975,3.747421
NTRS.OQ,2022-07-01,-3.408,3.092855
NTRS.OQ,2022-04-01,7.738,2.325202
NTRS.OQ,2022-01-01,5.496,1.515266
NTRS.OQ,2021-10-01,7.93,1.527139
VFC.N,2022-10-01,-0.409,3.747421
VFC.N,2022-07-01,-31.298,3.092855
VFC.N,2022-04-01,-1.461,2.325202
VFC.N,2022-01-01,11.997,1.515266
VFC.N,2021-10-01,-3.186,1.527139
ETN.N,2022-10-01,0.645,3.29282453331443
ETN.N,2022-07-01,2.798,2.91936963920711
ETN.N,2022-04-01,1.419,2.14571187856126
ETN.N,2022-01-01,0.406,1.29346942920754
ETN.N,2021-10-01,1.063,1.32963714211419
CVX.N,2022-10-01,15.509,3.747421
CVX.N,2022-07-01,14.078,3.092855
CVX.N,2022-04-01,2.648,2.325202
CVX.N,2022-01-01,-17.94,1.515266
CVX.N,2021-10-01,34.074,1.527139
LNC.N,2022-10-01,-22.278,3.747421
LNC.N,2022-07-01,0.893,3.092855
LNC.N,2022-04-01,-8.551,2.325202
LNC.N,2022-01-01,-17.831,1.515266
LNC.N,2021-10-01,-37.032,1.527139
CI.N,2022-10-01,5.704,3.747421
CI.N,2022-07-01,13.519,3.092855
CI.N,2022-04-01,16.007,2.325202
CI.N,2022-01-01,1.203,1.515266
CI.N,2021-10-01,9.66,1.527139
ACN.N,2022-07-01,1.143,3.29282453331443
ACN.N,2022-04-01,3.184,2.91936963920711
ACN.N,2022-01-01,7.147,2.14571187856126
ACN.N,2021-10-01,5.8,1.29346942920754
ACN.N,2021-07-01,0.445,1.32963714211419
XYL.N,2022-10-01,20.438,3.747421
XYL.N,2022-07-01,22.342,3.092855
XYL.N,2022-04-01,14.269,2.325202
XYL.N,2022-01-01,2.522,1.515266
XYL.N,2021-10-01,6.54,1.527139
HAS.OQ,2022-10-01,-6.59,3.747421
HAS.OQ,2022-07-01,22.107,3.092855
HAS.OQ,2022-04-01,-6.901,2.325202
HAS.OQ,2022-01-01,37.5,1.515266
HAS.OQ,2021-10-01,16.091,1.527139
ENPH.OQ,2022-10-01,15.724,3.747421
ENPH.OQ,2022-07-01,27.729,3.092855
ENPH.OQ,2022-04-01,18.559,2.325202
ENPH.OQ,2022-01-01,26.226,1.515266
ENPH.OQ,2021-10-01,24.288,1.527139
SO.N,2022-10-01,-1.35,3.747421
SO.N,2022-07-01,27.501,3.092855
SO.N,2022-04-01,7.395,2.325202
SO.N,2022-01-01,2.311,1.515266
SO.N,2021-10-01,0.859,1.527139
CTLT.N,2022-10-01,-39.052,3.747421
CTLT.N,2022-07-01,3.319,3.092855
CTLT.N,2022-04-01,11.166,2.325202
CTLT.N,2022-01-01,7.934,1.515266
CTLT.N,2021-10-01,9.639,1.527139
DISH.OQ,2022-10-01,15.675,3.747421
DISH.OQ,2022-07-01,28.053,3.092855
DISH.OQ,2022-04-01,-9.035,2.325202
DISH.OQ,2022-01-01,-1.187,1.515266
DISH.OQ,2021-10-01,-2.824,1.527139
EQT.N,2022-10-01,-0.186,3.747421
EQT.N,2022-07-01,-0.184,3.092855
EQT.N,2022-04-01,-14.856,2.325202
EQT.N,2022-01-01,-19.888,1.515266
EQT.N,2021-10-01,355.646,1.527139
LUMN.N,2022-10-01,-62.026,3.747421
LUMN.N,2022-07-01,-23.517,3.092855
LUMN.N,2022-04-01,41.208,2.325202
LUMN.N,2022-01-01,-6.205,1.515266
LUMN.N,2021-10-01,35.794,1.527139
NRG.N,2022-10-01,-79.738,3.747421
NRG.N,2022-07-01,232.308,3.092855
NRG.N,2022-04-01,1089.055,2.325202
NRG.N,2022-01-01,-1487.663,1.515266
NRG.N,2021-10-01,192.813,1.527139
MKTX.OQ,2022-10-01,5.544,3.747421
MKTX.OQ,2022-07-01,4.768,3.092855
MKTX.OQ,2022-04-01,1.363,2.325202
MKTX.OQ,2022-01-01,-3.574,1.515266
MKTX.OQ,2021-10-01,4.197,1.527139
LMT.N,2022-10-01,0.736,3.747421
LMT.N,2022-07-01,-33.124,3.092855
LMT.N,2022-04-01,3.753,2.325202
LMT.N,2022-01-01,4.355,1.515266
LMT.N,2021-10-01,11.939,1.527139
DLR.N,2022-10-01,137.801,3.747421
DLR.N,2022-07-01,-33.722,3.092855
DLR.N,2022-04-01,-20.183,2.325202
DLR.N,2022-01-01,1019.392,1.515266
DLR.N,2021-10-01,77.52,1.527139
PSX.N,2022-10-01,28.051,3.747421
PSX.N,2022-07-01,13.307,3.092855
PSX.N,2022-04-01,3.464,2.325202
PSX.N,2022-01-01,50.861,1.515266
PSX.N,2021-10-01,62.905,1.527139
SCHW.N,2022-10-01,4.364,3.747421
SCHW.N,2022-07-01,6.761,3.092855
SCHW.N,2022-04-01,-8.428,2.325202
SCHW.N,2022-01-01,-2.442,1.515266
SCHW.N,2021-10-01,3.457,1.527139
DXC.N,2022-10-01,2.505,3.747421
DXC.N,2022-07-01,-8.537,3.092855
DXC.N,2022-04-01,-15.287,2.325202
DXC.N,2022-01-01,0.648,1.515266
DXC.N,2021-10-01,7.441,1.527139
SNPS.OQ,2022-10-01,3.523,3.747421
SNPS.OQ,2022-07-01,5.634,3.092855
SNPS.OQ,2022-04-01,5.503,2.325202
SNPS.OQ,2022-01-01,1.092,1.515266
SNPS.OQ,2021-10-01,2.093,1.527139
J.N,2022-10-01,1.53,3.747421
J.N,2022-07-01,2.77,
J.N,2022-04-01,2.304,
J.N,2022-01-01,-1.025,
J.N,2021-10-01,0.392,
SIVB.OQ,2022-10-01,3.874,3.747421
SIVB.OQ,2022-07-01,-27.127,3.092855
SIVB.OQ,2022-04-01,39.857,2.325202
SIVB.OQ,2022-01-01,-4.455,1.515266
SIVB.OQ,2021-10-01,23.76,1.527139
AVY.N,2022-10-01,-0.131,3.747421
AVY.N,2022-07-01,11.635,3.092855
AVY.N,2022-04-01,10.595,2.325202
AVY.N,2022-01-01,0.294,1.515266
AVY.N,2021-10-01,4.784,1.527139
